day 0,day 1,day 2,day 3,day 4,day 5,day 6,day 7,day 8,day 9,day 10,day 11,day 12,day 13,day 14,day 15,day 16,day 17,day 18,day 19,day 20,day 21,day 22,day 23,day 24,day 25,day 26,day 27,day 28,day 29,day 30,day 31,day 32,day 33,day 34,day 35,day 36,day 37,day 38,day 39,day 40,day 41,day 42,day 43,day 44,day 45,day 46,day 47,day 48,day 49,day 50,day 51,day 52,day 53,day 54,day 55,day 56,day 57,day 58,day 59,day 60,day 61,day 62,day 63,day 64,day 65,day 66,day 67,day 68,day 69,day 70,day 71,day 72,day 73,day 74,day 75,day 76,day 77,day 78,day 79,day 80,day 81,day 82,day 83,day 84,day 85,day 86,day 87,day 88,day 89
29.082278481012654,29.300000000000004,29.617088607594937,29.865822784810128,30.206962025316454,30.674050632911392,31.463291139240503,32.61645569620253,34.06139240506329,34.494303797468355,26.21518987341772,26.57088607594936,27.00569620253164,27.548101265822787,28.21962025316455,28.8006329113924,29.74367088607595,31.338607594936708,33.04556962025316,33.731645569620255,33.57721518987342,32.8746835443038,31.673417721518984,29.96075949367089,27.767088607594932,25.487974683544305,23.718354430379748,23.36455696202532,23.5,23.45886075949367,23.60949367088608,24.110759493670887,24.59873417721519,25.018354430379745,25.52594936708861,26.154430379746834,26.690506329113926,27.256962025316454,27.95759493670887,28.937974683544304,30.301265822784814,32.360126582278475,33.832278481012665,34.06898734177215,33.58924050632912,32.53987341772152,31.14810126582278,29.329113924050635,27.14493670886076,25.059493670886077,22.979113924050637,22.24620253164557,22.733544303797466,23.3006329113924,23.73987341772152,24.43544303797469,25.16012658227848,25.80759493670886,26.592405063291142,27.588607594936708,28.66645569620253,29.651898734177216,30.75822784810126,32.25063291139241,34.390506329113926,36.85949367088608,38.13924050632912,38.436708860759495,38.11645569620253,37.436708860759495,36.44810126582279,35.09683544303798,33.6246835443038,31.66962025316456,29.64493670886076,28.21772151898734,28.82974683544304,29.94493670886076,31.05632911392405,32.154430379746834,33.18164556962025,34.3126582278481,35.64746835443038,37.12911392405063,38.483544303797466,39.9746835443038,41.606962025316456,43.5867088607595,46.316455696202524,48.53417721518987
28.704430379746835,28.8993670886076,29.19493670886076,29.374050632911395,29.6253164556962,29.95949367088608,30.444303797468358,31.13987341772152,32.31392405063291,33.77025316455697,25.795569620253165,26.157594936708858,26.50443037974684,26.99746835443038,27.57974683544304,28.01645569620253,28.63860759493671,29.672784810126583,31.31645569620253,33.12151898734177,33.741772151898736,33.6246835443038,32.89746835443037,31.584177215189868,29.78860759493671,27.68481012658228,25.44810126582278,23.638607594936715,23.30189873417721,23.21835443037975,23.322151898734173,23.758860759493675,24.25569620253165,24.63101265822785,25.09050632911393,25.662025316455697,26.1493670886076,26.63227848101265,27.251265822784816,28.01962025316456,29.01518987341772,30.42025316455696,32.505063291139244,33.72405063291139,33.88797468354431,33.337341772151895,32.38544303797468,30.99556962025316,29.23481012658228,27.3506329113924,25.064556962025318,22.968987341772152,22.484177215189877,22.97088607594937,23.362025316455696,24.00443037974684,24.688607594936705,25.294303797468352,26.03481012658228,26.98101265822785,28.00886075949367,28.88670886075949,29.84050632911392,31.070886075949367,32.595569620253166,34.74683544303797,37.11392405063291,38.24113924050633,38.51202531645569,38.31898734177215,37.78101265822784,36.85189873417722,35.76772151898734,34.175949367088606,32.281012658227844,30.195569620253167,28.86012658227848,29.553797468354432,30.6006329113924,31.60632911392405,32.58164556962026,33.69493670886075,34.96455696202532,36.33417721518988,37.631012658227846,38.97341772151899,40.390506329113926,41.89620253164557,43.70822784810127,46.38734177215191
28.36455696202531,28.518987341772156,28.79113924050633,28.943037974683545,29.11835443037975,29.36455696202532,29.718354430379748,30.103164556962028,30.798734177215188,32.015822784810126,25.424683544303804,25.741772151898736,26.081645569620257,26.503164556962027,27.037341772151898,27.35822784810127,27.86518987341772,28.56075949367089,29.64430379746836,31.413924050632907,33.156329113924045,33.79303797468354,33.642405063291136,32.79303797468354,31.40506329113924,29.69113924050633,27.632911392405063,25.36898734177215,23.56772151898734,23.02278481012658,23.087974683544303,23.47151898734177,23.89177215189873,24.26708860759494,24.697468354430377,25.227215189873416,25.64367088607595,26.086708860759494,26.62278481012658,27.32341772151899,28.084810126582283,29.10696202531645,30.560126582278475,32.41075949367088,33.54683544303797,33.641139240506334,33.172784810126586,32.2246835443038,30.93670886075949,29.42974683544304,27.35696202531646,25.09556962025317,23.25189873417721,22.704430379746835,23.027848101265825,23.636075949367086,24.23987341772152,24.81962025316456,25.52151898734177,26.422784810126583,27.393037974683548,28.213291139240503,29.06645569620253,30.153797468354423,31.40506329113924,32.91962025316455,34.98544303797468,37.241772151898736,38.32341772151899,38.71772151898734,38.66075949367088,38.18924050632912,37.527215189873424,36.33417721518988,34.80569620253164,32.88797468354431,30.91835443037975,29.617721518987345,30.21898734177215,31.14873417721519,32.0246835443038,33.07911392405063,34.33417721518987,35.64620253164557,36.846835443037975,38.112658227848094,39.37341772151899,40.677215189873415,42.01962025316456,43.79050632911392
28.050632911392405,28.18417721518988,28.40949367088608,28.564556962025318,28.68291139240506,28.85886075949368,29.12848101265823,29.362658227848097,29.74810126582279,30.46962025316456,25.099367088607597,25.377848101265823,25.65632911392405,26.085443037974684,26.53164556962025,26.815822784810123,27.21455696202532,27.78481012658228,28.587974683544303,29.738607594936717,31.477215189873416,33.21518987341772,33.81962025316456,33.53037974683544,32.61392405063291,31.300000000000004,29.61455696202531,27.548101265822787,25.29113924050633,23.30443037974684,22.900632911392403,23.231645569620248,23.604430379746837,23.901898734177216,24.34367088607595,24.835443037974684,25.18670886075949,25.572151898734173,26.07974683544304,26.70063291139241,27.373417721518987,28.17151898734177,29.24556962025316,30.44430379746836,32.25569620253165,33.31202531645569,33.48544303797468,33.02341772151899,32.20253164556962,31.118987341772154,29.43670886075949,27.420886075949365,25.393670886075945,23.5120253164557,22.76645569620253,23.291139240506325,23.85632911392405,24.369620253164552,25.043670886075947,25.910759493670888,26.820253164556963,27.5753164556962,28.38670886075949,29.38227848101265,30.477848101265824,31.722784810126587,33.12405063291139,35.109493670886074,37.3373417721519,38.53607594936709,39.06645569620253,39.06962025316456,38.85949367088608,38.09240506329114,36.97911392405064,35.45569620253165,33.651898734177216,31.74430379746836,30.308860759493665,30.76075949367089,31.55696202531645,32.53354430379747,33.71835443037975,35.0126582278481,36.141772151898735,37.31708860759494,38.50443037974684,39.654430379746834,40.79620253164557,42.1
27.74746835443038,27.8753164556962,28.07025316455696,28.17531645569621,28.298734177215188,28.4126582278481,28.60759493670886,28.75443037974684,29.0120253164557,29.400632911392407,24.791139240506336,25.048101265822787,25.278481012658222,25.65632911392405,26.106329113924048,26.307594936708863,26.671518987341774,27.120253164556964,27.7993670886076,28.67911392405063,29.801265822784814,31.552531645569616,33.257594936708855,33.68987341772153,33.355696202531654,32.50632911392405,31.217088607594945,29.53481012658228,27.441772151898736,25.05506329113924,23.205696202531648,23.046835443037978,23.35632911392405,23.60189873417722,23.9746835443038,24.47658227848101,24.789240506329115,25.102531645569616,25.57721518987342,26.152531645569624,26.72848101265823,27.455063291139243,28.298734177215195,29.115822784810128,30.302531645569623,32.04177215189873,33.17784810126582,33.336708860759494,33.03354430379746,32.366455696202536,31.12974683544304,29.533544303797463,27.71772151898734,25.68291139240506,23.629113924050632,23.03481012658228,23.505696202531645,23.97405063291139,24.59683544303797,25.423417721518984,26.293037974683543,26.99367088607595,27.75253164556962,28.690506329113926,29.690506329113926,30.790506329113928,31.909493670886075,33.21898734177216,35.21518987341772,37.570253164556966,38.881645569620254,39.48291139240506,39.752531645569626,39.43924050632912,38.75949367088607,37.677215189873415,36.23924050632912,34.46645569620253,32.482911392405065,30.883544303797464,31.152531645569624,32.060759493670886,33.17151898734178,34.40316455696203,35.50379746835443,36.61075949367088,37.70253164556962,38.77215189873418,39.7626582278481,40.86835443037975
27.481012658227844,27.582278481012654,27.75506329113924,27.82974683544303,27.910759493670888,28.029113924050638,28.151265822784808,28.22088607594937,28.38417721518988,28.658227848101262,24.53481012658228,24.744936708860763,24.942405063291137,25.28987341772152,25.6746835443038,25.88417721518988,26.173417721518984,26.575949367088608,27.13354430379747,27.88987341772152,28.753164556962027,29.85569620253165,31.618354430379743,33.1373417721519,33.527215189873424,33.26075949367088,32.4132911392405,31.128481012658234,29.410759493670884,27.241139240506325,25.00506329113924,23.36139240506329,23.16139240506329,23.349367088607597,23.674683544303797,24.11139240506329,24.410759493670884,24.697468354430377,25.104430379746837,25.642405063291147,26.17848101265823,26.82278481012658,27.57468354430379,28.14683544303797,28.956962025316454,30.08544303797468,31.938607594936705,33.03481012658228,33.380379746835445,33.19430379746835,32.380379746835445,31.24556962025316,29.828481012658223,28.01075949367089,25.85189873417722,23.94113924050633,23.253164556962027,23.6253164556962,24.213291139240503,24.990506329113924,25.793037974683543,26.46075949367088,27.170886075949365,28.06012658227848,28.988607594936717,29.996835443037973,30.949367088607595,31.997468354430374,33.30822784810127,35.46455696202532,37.92658227848101,39.31708860759494,40.16012658227848,40.32974683544304,40.11139240506329,39.48797468354431,38.47784810126582,37.04936708860759,35.2253164556962,33.109493670886074,31.31455696202532,31.65949367088608,32.69873417721519,33.84430379746835,34.88860759493671,35.96518987341772,36.983544303797466,37.94999999999999,38.86962025316456,39.8253164556962
27.25,27.32341772151899,27.458227848101263,27.51075949367089,27.563924050632917,27.63987341772152,27.75569620253164,27.74746835443038,27.848101265822784,28.03481012658228,24.31835443037975,24.491772151898736,24.62721518987342,24.96202531645569,25.303797468354432,25.45379746835443,25.746835443037973,26.06772151898734,26.590506329113925,27.223417721518988,27.96708860759494,28.795569620253165,29.913924050632907,31.51455696202532,32.99683544303797,33.44493670886075,33.15822784810127,32.320253164556966,30.9879746835443,29.253164556962027,27.24177215189874,25.19746835443038,23.497468354430374,23.138607594936712,23.43164556962025,23.81518987341772,24.02278481012658,24.32341772151899,24.697468354430377,25.167721518987346,25.65822784810126,26.26962025316456,26.93227848101266,27.40126582278481,27.995569620253164,28.732911392405065,29.98987341772152,31.81835443037975,33.108227848101265,33.536075949367095,33.20886075949367,32.51962025316456,31.53860759493671,30.11518987341772,28.21075949367089,26.18860759493671,24.199367088607595,23.36645569620253,23.856962025316456,24.59556962025317,25.337974683544303,25.944303797468358,26.63607594936709,27.47974683544304,28.340506329113925,29.280379746835443,30.1493670886076,31.022784810126584,32.06518987341772,33.537974683544306,35.83417721518987,38.36202531645569,39.99620253164557,40.74113924050633,41.01898734177215,40.8753164556962,40.29556962025316,39.29303797468354,37.810759493670886,35.8746835443038,33.61139240506329,31.86392405063291,32.300632911392405,33.36392405063291,34.32974683544304,35.34303797468355,36.33417721518987,37.229746835443045,38.050632911392405,38.92974683544304
27.079113924050635,27.107594936708853,27.2006329113924,27.21139240506329,27.238607594936703,27.29493670886076,27.360759493670887,27.335443037974684,27.35886075949367,27.48101265822785,24.10949367088608,24.27531645569621,24.37151898734177,24.644303797468357,24.96835443037975,25.081012658227845,25.31772151898734,25.64493670886076,26.090506329113925,26.67974683544304,27.308227848101264,27.998734177215184,28.85379746835443,29.80569620253165,31.413924050632907,32.93037974683544,33.33481012658228,33.063291139240505,32.16708860759494,30.85822784810127,29.28670886075949,27.45126582278481,25.34620253164557,23.488607594936703,23.22025316455696,23.568354430379745,23.71455696202532,23.95126582278481,24.325949367088604,24.74873417721519,25.167088607594938,25.751898734177217,26.36518987341772,26.75886075949367,27.248101265822783,27.76962025316456,28.62848101265823,29.86645569620253,31.916455696202533,33.252531645569626,33.55506329113925,33.371518987341766,32.81518987341772,31.81392405063291,30.35696202531645,28.56012658227848,26.467721518987343,24.36582278481012,23.620886075949368,24.243037974683546,24.925949367088613,25.48164556962025,26.11392405063291,26.93987341772152,27.75569620253164,28.625949367088605,29.412025316455694,30.198734177215183,31.08164556962025,32.29620253164557,33.87341772151899,36.27025316455696,39.06202531645569,40.583544303797474,41.45,41.80316455696202,41.70569620253165,41.106962025316456,40.03670886075949,38.47658227848101,36.41075949367088,34.234177215189874,32.565189873417715,32.962025316455694,33.845569620253166,34.789240506329115,35.70316455696203,36.56518987341772,37.3253164556962,38.11962025316456
27.32151898734177,26.93101265822785,26.979113924050637,26.948734177215197,26.95189873417722,26.96962025316456,27.010126582278485,26.93037974683544,26.948101265822785,26.998734177215184,24.33607594936709,24.082911392405062,24.148734177215182,24.39683544303798,24.64493670886076,24.7373417721519,24.953797468354438,25.21012658227848,25.62594936708861,26.181012658227846,26.77594936708861,27.34493670886076,28.059493670886077,28.73924050632912,29.71329113924051,31.38227848101265,32.83481012658228,33.24367088607595,32.90126582278481,32.05632911392405,30.921518987341774,29.518354430379745,27.59620253164557,25.35696202531645,23.577848101265825,23.34620253164557,23.45632911392405,23.64177215189873,23.949367088607595,24.369620253164555,24.735443037974687,25.267721518987344,25.836708860759494,26.17278481012658,26.60189873417722,27.02784810126582,27.658227848101262,28.489873417721515,29.955063291139243,32.06898734177215,33.29113924050633,33.742405063291145,33.66392405063291,33.083544303797474,32.07341772151899,30.72088607594937,28.839240506329112,26.674050632911392,24.695569620253167,24.01645569620253,24.57025316455696,25.05632911392405,25.64936708860759,26.422784810126583,27.212025316455694,28.03924050632911,28.747468354430374,29.457594936708865,30.253164556962027,31.302531645569623,32.6132911392405,34.26962025316456,36.963924050632905,39.653164556962025,41.30443037974684,42.24367088607595,42.63860759493671,42.50759493670886,41.86202531645569,40.70696202531645,39.03924050632912,37.08101265822784,35.00316455696203,33.27341772151899,33.43291139240506,34.303164556962024,35.12974683544304,35.93037974683544,36.66898734177216,37.38987341772151
29.079113924050635,27.178481012658228,26.801898734177215,26.72405063291139,26.690506329113926,26.68227848101265,26.681012658227846,26.567721518987348,26.525316455696203,26.582911392405062,26.13670886075949,24.315822784810127,23.959493670886072,24.16708860759494,24.382911392405063,24.4126582278481,24.61518987341772,24.84620253164557,25.19493670886076,25.729113924050637,26.28101265822785,26.807594936708863,27.410126582278483,27.92784810126582,28.64240506329114,29.68291139240506,31.303797468354432,32.76392405063292,33.08860759493671,32.81898734177215,32.14683544303798,31.1506329113924,29.665822784810125,27.617721518987345,25.45696202531645,23.711392405063293,23.22658227848102,23.38860759493671,23.64177215189874,23.997468354430385,24.34556962025317,24.83354430379747,25.33481012658228,25.64240506329114,26.01582278481013,26.38354430379747,26.901265822784808,27.50822784810126,28.563291139240505,30.09493670886076,32.13417721518988,33.49683544303798,34.03481012658228,33.93924050632912,33.370886075949365,32.45379746835444,30.97088607594937,29.0626582278481,27.06075949367089,25.13481012658228,24.335443037974684,24.694303797468358,25.22594936708861,25.956329113924053,26.68354430379747,27.477848101265824,28.151265822784808,28.78417721518987,29.50569620253165,30.475949367088607,31.60822784810127,32.98924050632912,34.952531645569614,37.56012658227848,40.37025316455696,42.09240506329114,43.07911392405063,43.43417721518988,43.26708860759493,42.52974683544304,41.28417721518988,39.7373417721519,37.87721518987342,35.72215189873418,33.78037974683544,33.903164556962025,34.652531645569624,35.36962025316456,36.03544303797469,36.731645569620255
31.248734177215184,28.941772151898736,27.043037974683543,26.54177215189873,26.45886075949367,26.42974683544304,26.384810126582284,26.236708860759496,26.15189873417721,26.16962025316456,28.393670886075952,26.112025316455696,24.18924050632912,23.98164556962025,24.14113924050633,24.14430379746836,24.28544303797468,24.49810126582278,24.83354430379747,25.2993670886076,25.83227848101265,26.31139240506329,26.869620253164555,27.26518987341772,27.83924050632912,28.61139240506329,29.590506329113925,31.26075949367089,32.610126582278475,33.02215189873418,32.9246835443038,32.380379746835445,31.287341772151898,29.692405063291144,27.71898734177215,25.58987341772152,23.60949367088608,23.16139240506329,23.38417721518988,23.68354430379747,23.96708860759494,24.441772151898736,24.88481012658228,25.13670886075949,25.483544303797476,25.79683544303797,26.253797468354428,26.74177215189873,27.56962025316456,28.68037974683544,30.14683544303797,32.345569620253166,33.79493670886076,34.30886075949367,34.24936708860759,33.7512658227848,32.69367088607594,31.21835443037974,29.481012658227847,27.53860759493671,25.48670886075949,24.455696202531644,24.86075949367089,25.544303797468352,26.213291139240503,26.948101265822785,27.588607594936708,28.17594936708861,28.841139240506333,29.737341772151904,30.782911392405055,31.98544303797468,33.641772151898735,35.51075949367089,38.255696202531645,41.15696202531646,42.927215189873415,43.870886075949365,44.2006329113924,43.92911392405063,43.12784810126583,42.01962025316456,40.54873417721519,38.57848101265822,36.27151898734178,34.29620253164557,34.24303797468354,34.878481012658234,35.473417721518985,36.1006329113924
33.15949367088608,31.128481012658224,28.77151898734177,26.770886075949367,26.28291139240506,26.21075949367089,26.128481012658224,25.92911392405063,25.82405063291139,25.800632911392405,30.41455696202532,28.358860759493663,26.006962025316454,24.209493670886083,23.949367088607588,23.905063291139243,24.02151898734177,24.163924050632914,24.49873417721519,24.93544303797469,25.40632911392405,25.865189873417723,26.36835443037974,26.71329113924051,27.182911392405067,27.82341772151899,28.51075949367089,29.55443037974684,31.10822784810127,32.574050632911394,33.15696202531646,33.15886075949367,32.50189873417721,31.333544303797478,29.792405063291145,27.843037974683543,25.51962025316456,23.56518987341772,23.157594936708858,23.43227848101266,23.649367088607605,24.05822784810126,24.47658227848101,24.678481012658228,24.979113924050637,25.268354430379745,25.674050632911392,26.083544303797467,26.803164556962024,27.684810126582285,28.698734177215183,30.356329113924048,32.66075949367088,34.06645569620253,34.630379746835445,34.63670886075949,33.99556962025316,32.960759493670885,31.65949367088608,29.972784810126587,27.90000000000001,25.64936708860759,24.631012658227853,25.181645569620247,25.79113924050633,26.477848101265824,27.056329113924047,27.60822784810127,28.232278481012656,29.05822784810127,30.04430379746836,31.132911392405063,32.62278481012658,34.19620253164557,36.144303797468346,38.99936708860759,41.99303797468354,43.71772151898735,44.63037974683544,44.85126582278481,44.54177215189873,43.88797468354431,42.84303797468354,41.24367088607595,39.1246835443038,36.81075949367088,34.68164556962025,34.45886075949367,34.98987341772152,35.553164556962024
34.69240506329114,33.06012658227848,30.93417721518988,28.50253164556962,26.50126582278481,26.03037974683544,25.89430379746836,25.670886075949365,25.50569620253164,25.46645569620253,32.04683544303797,30.39493670886076,28.28354430379747,26.02848101265823,24.15632911392405,23.70949367088608,23.786708860759497,23.89367088607595,24.16518987341772,24.59810126582279,25.04620253164557,25.43417721518988,25.912658227848105,26.214556962025316,26.63227848101265,27.163924050632907,27.70126582278481,28.47405063291139,29.3873417721519,31.08481012658228,32.7259493670886,33.38924050632912,33.26392405063292,32.55759493670886,31.442405063291137,29.91645569620253,27.78987341772152,25.498101265822783,23.584177215189875,23.205696202531644,23.38354430379747,23.73417721518988,24.079113924050635,24.26582278481013,24.52088607594937,24.768354430379752,25.14367088607595,25.491772151898733,26.158860759493678,26.89177215189873,27.6873417721519,28.897468354430377,30.67911392405063,32.94050632911392,34.40569620253165,35.016455696202534,34.8879746835443,34.28987341772152,33.425316455696205,32.15759493670886,30.3253164556962,28.09556962025317,25.89113924050633,24.95759493670886,25.42025316455696,26.04556962025317,26.565189873417715,27.058860759493665,27.67658227848101,28.46645569620253,29.362658227848097,30.405696202531647,31.774683544303794,33.177215189873415,34.79430379746835,36.80822784810126,39.82784810126582,42.77215189873418,44.47658227848101,45.28481012658228,45.472151898734175,45.33037974683545,44.71645569620254,43.51012658227848,41.79367088607594,39.65506329113924,37.21455696202532,34.94367088607595,34.57658227848101,35.077215189873414
35.81582278481012,34.60189873417721,32.83924050632912,30.673417721518984,28.21898734177215,26.25253164556962,25.703797468354438,25.423417721518987,25.237974683544305,25.156329113924052,33.251898734177225,32.028481012658226,30.33544303797468,28.318354430379745,25.93860759493672,23.91962025316456,23.60506329113924,23.66139240506329,23.89430379746836,24.26392405063291,24.715189873417724,25.06962025316456,25.486708860759496,25.758860759493672,26.13354430379747,26.60253164556962,27.03607594936709,27.674683544303797,28.29493670886076,29.32468354430379,31.232278481012663,32.96898734177215,33.49113924050633,33.33481012658228,32.67341772151899,31.57278481012658,29.88987341772152,27.76582278481013,25.531012658227844,23.65,23.15632911392405,23.467721518987343,23.72974683544304,23.85696202531645,24.10189873417721,24.317088607594936,24.622151898734177,24.95379746835443,25.587974683544303,26.232278481012663,26.88164556962025,27.875949367088605,29.197468354430384,30.913291139240517,33.28544303797469,34.790506329113924,35.27594936708861,35.19367088607595,34.764556962025324,33.922151898734185,32.49430379746835,30.533544303797463,28.37278481012658,26.268354430379745,25.21962025316456,25.67405063291139,26.13544303797468,26.562025316455703,27.129113924050632,27.900632911392407,28.750632911392408,29.903164556962025,31.03037974683544,32.32594936708861,33.75126582278481,35.41898734177216,37.61392405063291,40.605063291139246,43.53607594936708,45.121518987341766,45.90949367088608,46.27658227848101,46.15886075949367,45.35632911392405,44.06139240506329,42.30949367088608,40.03797468354431,37.4873417721519,35.099999999999994,34.66645569620253
36.436708860759495,35.72721518987342,34.3620253164557,32.584177215189875,30.38164556962025,27.963291139240503,25.90886075949367,25.223417721518985,24.998734177215194,24.89746835443038,33.962025316455694,33.23987341772152,31.990506329113924,30.370253164556964,28.18860759493671,25.703164556962022,23.81455696202531,23.478481012658225,23.668354430379747,23.992405063291137,24.375316455696204,24.739873417721515,25.120253164556964,25.3373417721519,25.67278481012658,26.10632911392405,26.4746835443038,27.00569620253164,27.47658227848101,28.204430379746835,29.444936708860755,31.48037974683545,33.06708860759494,33.56898734177215,33.44873417721519,32.79177215189873,31.56012658227848,29.874050632911395,27.796835443037978,25.6113924050633,23.61962025316456,23.237341772151893,23.44430379746836,23.517088607594943,23.69493670886076,23.901265822784808,24.16455696202532,24.42721518987342,25.05316455696202,25.64873417721519,26.22025316455696,27.07784810126582,28.172784810126583,29.39177215189873,31.24620253164557,33.679113924050625,35.0620253164557,35.59050632911393,35.66772151898734,35.246202531645565,34.25189873417722,32.712025316455694,30.84367088607595,28.75886075949367,26.6006329113924,25.46835443037975,25.75506329113924,26.120253164556964,26.63164556962025,27.354430379746837,28.18670886075949,29.29493670886076,30.346202531645574,31.58037974683544,32.88417721518987,34.356962025316456,36.20759493670887,38.3506329113924,41.35379746835443,44.175316455696205,45.75316455696203,46.74430379746836,47.10632911392405,46.78417721518988,45.915822784810125,44.572784810126585,42.6873417721519,40.27151898734177,37.64430379746835,35.25506329113924
36.46708860759494,36.35443037974684,35.47721518987342,34.11139240506329,32.28227848101266,30.117088607594937,27.62151898734177,25.43164556962025,24.791772151898726,24.66455696202532,34.06835443037975,33.95949367088607,33.20443037974683,32.02151898734177,30.214556962025316,27.947468354430377,25.598101265822784,23.69746835443038,23.487974683544305,23.76582278481013,24.10886075949368,24.39620253164557,24.767088607594932,24.97278481012658,25.25696202531645,25.64873417721519,25.9746835443038,26.45253164556962,26.801265822784814,27.370253164556964,28.308227848101264,29.677215189873426,31.592405063291142,33.167088607594934,33.69240506329114,33.564556962025314,32.79556962025317,31.551265822784814,29.89050632911392,27.88481012658228,25.629113924050632,23.72341772151899,23.200000000000003,23.22658227848101,23.33924050632912,23.499367088607595,23.74113924050633,23.951898734177213,24.54430379746836,25.113291139240506,25.63037974683544,26.41835443037975,27.374683544303803,28.343670886075945,29.693670886075957,31.630379746835445,33.95379746835443,35.38607594936709,36.07721518987342,36.14303797468354,35.552531645569616,34.47025316455696,33.028481012658226,31.21708860759493,29.091772151898727,26.891139240506337,25.56772151898734,25.738607594936703,26.20443037974683,26.860759493670887,27.626582278481013,28.734177215189877,29.73037974683544,30.89493670886076,32.1246835443038,33.46772151898734,35.13860759493671,36.927215189873415,39.05696202531646,41.97278481012658,44.79810126582279,46.59050632911393,47.55569620253164,47.703164556962015,47.324050632911394,46.41518987341773,44.94240506329114,42.88924050632912,40.400000000000006,37.7987341772152
35.65569620253165,36.39746835443037,36.10569620253165,35.23037974683544,33.81012658227848,32.01645569620253,29.774683544303794,27.170886075949365,25.00253164556962,24.45886075949367,33.360126582278475,34.082911392405066,33.95189873417721,33.23860759493671,31.85316455696202,29.983544303797476,27.846835443037985,25.50379746835443,23.72405063291139,23.586708860759494,23.87215189873417,24.11455696202532,24.417088607594938,24.62151898734177,24.89556962025317,25.2246835443038,25.52658227848101,25.95189873417722,26.232278481012663,26.696202531645568,27.483544303797476,28.5240506329114,29.785443037974687,31.70949367088608,33.29556962025316,33.811392405063295,33.574683544303795,32.78417721518988,31.56645569620253,29.97405063291139,27.93164556962025,25.75569620253165,23.694936708860755,22.97088607594937,23.036075949367085,23.156329113924045,23.336708860759494,23.519620253164558,24.079113924050635,24.575949367088608,25.08607594936709,25.82468354430379,26.7006329113924,27.5246835443038,28.624050632911395,30.04430379746836,31.88607594936709,34.27974683544304,35.86139240506329,36.53797468354431,36.43354430379747,35.782911392405055,34.79936708860759,33.394303797468346,31.55443037974684,29.39430379746836,27.03417721518987,25.546835443037978,25.820886075949367,26.43037974683544,27.12721518987342,28.17594936708861,29.157594936708858,30.273417721518992,31.41835443037975,32.70632911392405,34.24303797468354,35.845569620253166,37.6,39.61455696202532,42.59177215189873,45.63924050632912,47.391139240506334,48.139873417721525,48.24493670886076,47.823417721518986,46.78164556962025,45.12405063291139,42.98227848101266,40.526582278481015
33.83037974683545,35.59556962025316,36.14746835443037,35.86392405063291,34.93291139240507,33.550632911392405,31.68544303797468,29.3620253164557,26.763291139240504,24.67784810126582,31.605696202531643,33.39493670886076,34.09177215189873,33.97215189873418,33.04303797468354,31.63481012658228,29.889873417721518,27.78481012658228,25.527215189873413,23.828481012658223,23.696202531645568,23.88670886075949,24.13164556962025,24.279113924050638,24.553164556962024,24.87151898734177,25.103797468354426,25.503164556962027,25.729113924050637,26.11139240506329,26.81898734177215,27.677848101265813,28.612658227848108,29.88164556962025,31.848734177215192,33.4120253164557,33.8253164556962,33.55506329113924,32.798734177215195,31.65506329113924,30.058860759493665,28.06139240506329,25.69113924050633,23.486708860759496,22.772784810126577,22.853164556962025,22.99303797468354,23.1120253164557,23.663291139240503,24.104430379746837,24.544936708860757,25.286708860759493,26.11835443037974,26.834177215189868,27.79493670886076,28.96075949367089,30.27151898734177,32.18481012658228,34.768354430379745,36.333544303797474,36.82151898734177,36.66582278481013,36.12594936708861,35.15696202531646,33.72721518987341,31.85316455696202,29.54303797468354,27.07278481012658,25.659493670886075,26.053164556962024,26.690506329113926,27.677215189873426,28.60316455696202,29.70253164556962,30.779113924050638,31.982911392405065,33.462025316455694,34.94240506329114,36.49367088607595,38.11708860759494,40.19493670886075,43.39683544303798,46.437974683544304,47.97721518987342,48.682911392405074,48.7373417721519,48.18227848101265,46.956329113924056,45.19620253164557,43.07658227848101
32.357594936708864,33.76898734177215,35.35443037974684,35.90886075949367,35.56582278481012,34.675949367088606,33.23544303797468,31.3126582278481,28.98481012658228,26.462658227848102,30.048734177215195,31.66012658227848,33.404430379746834,34.107594936708864,33.76582278481013,32.83924050632912,31.546202531645577,29.85189873417722,27.8126582278481,25.627848101265823,23.92974683544304,23.705696202531644,23.88860759493671,23.990506329113927,24.211392405063293,24.5246835443038,24.752531645569626,25.082278481012654,25.26518987341772,25.603797468354436,26.233544303797466,27.00569620253164,27.75822784810126,28.693670886075957,30.01582278481013,31.972784810126587,33.43860759493671,33.81582278481012,33.58544303797469,32.879113924050635,31.7626582278481,30.18544303797469,27.983544303797466,25.496835443037977,23.29873417721519,22.59113924050633,22.67721518987341,22.76392405063291,23.260126582278485,23.663924050632914,24.06645569620254,24.75569620253164,25.57151898734177,26.233544303797466,27.0993670886076,28.118987341772147,29.17215189873417,30.53227848101266,32.65,35.255063291139244,36.6253164556962,37.06012658227848,37.01518987341772,36.47405063291139,35.47911392405063,34.00696202531646,31.99367088607595,29.597468354430376,27.24493670886076,25.91835443037974,26.302531645569616,27.233544303797476,28.092405063291142,29.139240506329116,30.1873417721519,31.340506329113925,32.733544303797466,34.15886075949367,35.573417721518986,36.998101265822775,38.65443037974684,40.94493670886076,44.2,47.01708860759493,48.51202531645569,49.16518987341773,49.09113924050633,48.3373417721519,47.01455696202531,45.26075949367088
31.444936708860755,32.29177215189873,33.593670886075955,35.12341772151899,35.61898734177215,35.31835443037975,34.36962025316456,32.88607594936709,30.95253164556962,28.700632911392404,28.96645569620253,30.07341772151899,31.668354430379743,33.4240506329114,33.893670886075945,33.57784810126582,32.767721518987344,31.52025316455696,29.891139240506323,27.882278481012666,25.72215189873417,23.9493670886076,23.702531645569625,23.751898734177217,23.92025316455696,24.1759493670886,24.40316455696203,24.73227848101266,24.82974683544304,25.133544303797468,25.727848101265824,26.407594936708865,27.082278481012654,27.82405063291139,28.82658227848101,30.11012658227848,32.01075949367088,33.44430379746836,33.84746835443038,33.66392405063291,32.99810126582278,31.88164556962025,30.09493670886076,27.78417721518988,25.303164556962027,23.147468354430377,22.40632911392405,22.44746835443038,22.91518987341772,23.2506329113924,23.616455696202536,24.27848101265823,25.043037974683543,25.663924050632907,26.488607594936703,27.421518987341774,28.315189873417715,29.408227848101262,30.96898734177216,33.13860759493671,35.548734177215195,36.86962025316456,37.41835443037975,37.357594936708864,36.7993670886076,35.75886075949367,34.131645569620254,32.05189873417722,29.7746835443038,27.563924050632917,26.18037974683544,26.847468354430376,27.65632911392405,28.625949367088605,29.60569620253164,30.7626582278481,32.08987341772152,33.43037974683544,34.778481012658226,36.05506329113924,37.51962025316456,39.36075949367088,41.71518987341772,44.80063291139242,47.55759493670887,48.98987341772152,49.51455696202532,49.22278481012658,48.3746835443038,47.0493670886076
30.76645569620253,31.37468354430379,32.19240506329114,33.36835443037975,34.851265822784804,35.37594936708861,35.02151898734177,34.03987341772152,32.54556962025317,30.706329113924053,28.22088607594937,28.96582278481012,30.063291139240505,31.70379746835443,33.2259493670886,33.719620253164564,33.51139240506328,32.76075949367089,31.56645569620253,29.941139240506327,27.963924050632908,25.73417721518987,23.943670886075957,23.563291139240505,23.68354430379747,23.89240506329114,24.064556962025318,24.384177215189872,24.46139240506329,24.69746835443038,25.25506329113924,25.887974683544304,26.47215189873418,27.147468354430377,27.959493670886072,28.88607594936709,30.10949367088607,32.0367088607595,33.48544303797468,33.93607594936709,33.78164556962025,33.11645569620253,31.77594936708861,29.876582278481013,27.559493670886077,25.158227848101262,22.999367088607592,22.183544303797465,22.603164556962028,22.89050632911393,23.203164556962022,23.83164556962025,24.548101265822783,25.118987341772147,25.9259493670886,26.793670886075947,27.60126582278481,28.548101265822787,29.84240506329113,31.437974683544304,33.429746835443034,35.80632911392406,37.22658227848101,37.751265822784816,37.68164556962025,37.06898734177215,35.866455696202536,34.18607594936709,32.232278481012656,30.10253164556962,27.889873417721528,26.76202531645569,27.274050632911397,28.18227848101265,29.0753164556962,30.18354430379747,31.505063291139248,32.7753164556962,34.03227848101266,35.24113924050633,36.570886075949375,38.2126582278481,40.10063291139241,42.28670886075949,45.34683544303798,48.04303797468355,49.32784810126583,49.62911392405064,49.243037974683546,48.40569620253164
30.200000000000003,30.68670886075949,31.16518987341772,31.946202531645568,33.120253164556964,34.62911392405063,35.1006329113924,34.710126582278484,33.71772151898734,32.32341772151899,27.598101265822784,28.2006329113924,28.95443037974684,30.10189873417722,31.50949367088608,33.072784810126585,33.66772151898734,33.50949367088607,32.81708860759494,31.592405063291142,30.01962025316456,27.98607594936709,25.712025316455694,23.812025316455696,23.49367088607595,23.64493670886076,23.78354430379747,24.02974683544304,24.107594936708857,24.322784810126585,24.827848101265825,25.414556962025323,25.948101265822796,26.542405063291145,27.27911392405063,27.998101265822783,28.86645569620253,30.1373417721519,32.105696202531654,33.577215189873414,34.06392405063291,33.892405063291136,33.00126582278481,31.56012658227848,29.63544303797468,27.41645569620253,25.010126582278485,22.798101265822787,22.34177215189873,22.57405063291139,22.83417721518987,23.421518987341777,24.09367088607595,24.62974683544304,25.38860759493671,26.21202531645569,26.957594936708865,27.827848101265825,28.97025316455697,30.29746835443038,31.70696202531646,33.67911392405063,36.1740506329114,37.55759493670886,38.07848101265822,37.93860759493671,37.177848101265816,35.93291139240507,34.36708860759493,32.56835443037974,30.46772151898734,28.53164556962026,27.20569620253165,27.800000000000004,28.627848101265823,29.654430379746834,30.923417721518984,32.17088607594937,33.36202531645569,34.48860759493671,35.75063291139241,37.23924050632912,38.93797468354431,40.66139240506329,42.80696202531646,45.838607594936704,48.38417721518988,49.43607594936708,49.65886075949367,49.257594936708855
29.7126582278481,30.108860759493663,30.446202531645568,30.92658227848101,31.69113924050633,32.90316455696203,34.35189873417722,34.803164556962024,34.404430379746834,33.5126582278481,27.06075949367089,27.55696202531645,28.19177215189873,28.99493670886076,29.904430379746834,31.38164556962025,33.026582278481015,33.66518987341772,33.58037974683543,32.82721518987342,31.64746835443038,30.03227848101266,27.931645569620255,25.55506329113924,23.75506329113924,23.45569620253165,23.54936708860759,23.74493670886076,23.75569620253164,23.975949367088603,24.450632911392407,24.981012658227844,25.45886075949367,26.013291139240504,26.681645569620255,27.306329113924047,27.964556962025316,28.87151898734177,30.204430379746835,32.21455696202531,33.706329113924056,34.18101265822785,33.779113924050634,32.79556962025317,31.307594936708863,29.477848101265824,27.26645569620253,24.84493670886076,22.984810126582275,22.30632911392405,22.50949367088608,23.060759493670883,23.671518987341774,24.16835443037975,24.893037974683548,25.6626582278481,26.367088607594937,27.18544303797468,28.235443037974687,29.41582278481013,30.557594936708863,31.923417721518984,34.04177215189873,36.51898734177215,37.88417721518987,38.33037974683545,38.04746835443038,37.23670886075949,36.11012658227848,34.699367088607595,32.95253164556962,31.13227848101265,29.04430379746836,27.750632911392408,28.235443037974687,29.21582278481013,30.389240506329116,31.586708860759497,32.7487341772152,33.80379746835443,34.98860759493672,36.41392405063291,37.95949367088608,39.47848101265822,41.16012658227848,43.27278481012658,46.18354430379747,48.49430379746836,49.46518987341773,49.653797468354426
29.300000000000004,29.617088607594937,29.865822784810128,30.206962025316454,30.674050632911392,31.463291139240503,32.61645569620253,34.06139240506329,34.494303797468355,34.20443037974684,26.57088607594936,27.00569620253164,27.548101265822787,28.21962025316455,28.8006329113924,29.74367088607595,31.338607594936708,33.04556962025316,33.731645569620255,33.57721518987342,32.8746835443038,31.673417721518984,29.96075949367089,27.767088607594932,25.487974683544305,23.718354430379748,23.36455696202532,23.5,23.45886075949367,23.60949367088608,24.110759493670887,24.59873417721519,25.018354430379745,25.52594936708861,26.154430379746834,26.690506329113926,27.256962025316454,27.95759493670887,28.937974683544304,30.301265822784814,32.360126582278475,33.832278481012665,34.06898734177215,33.58924050632912,32.53987341772152,31.14810126582278,29.329113924050635,27.14493670886076,25.059493670886077,22.979113924050637,22.24620253164557,22.733544303797466,23.3006329113924,23.73987341772152,24.43544303797469,25.16012658227848,25.80759493670886,26.592405063291142,27.588607594936708,28.66645569620253,29.651898734177216,30.75822784810126,32.25063291139241,34.390506329113926,36.85949367088608,38.13924050632912,38.436708860759495,38.11645569620253,37.436708860759495,36.44810126582279,35.09683544303798,33.6246835443038,31.66962025316456,29.64493670886076,28.21772151898734,28.82974683544304,29.94493670886076,31.05632911392405,32.154430379746834,33.18164556962025,34.3126582278481,35.64746835443038,37.12911392405063,38.483544303797466,39.9746835443038,41.606962025316456,43.5867088607595,46.316455696202524,48.53417721518987,49.45759493670887
28.8993670886076,29.19493670886076,29.374050632911395,29.6253164556962,29.95949367088608,30.444303797468358,31.13987341772152,32.31392405063291,33.77025316455697,34.30316455696203,26.157594936708858,26.50443037974684,26.99746835443038,27.57974683544304,28.01645569620253,28.63860759493671,29.672784810126583,31.31645569620253,33.12151898734177,33.741772151898736,33.6246835443038,32.89746835443037,31.584177215189868,29.78860759493671,27.68481012658228,25.44810126582278,23.638607594936715,23.30189873417721,23.21835443037975,23.322151898734173,23.758860759493675,24.25569620253165,24.63101265822785,25.09050632911393,25.662025316455697,26.1493670886076,26.63227848101265,27.251265822784816,28.01962025316456,29.01518987341772,30.42025316455696,32.505063291139244,33.72405063291139,33.88797468354431,33.337341772151895,32.38544303797468,30.99556962025316,29.23481012658228,27.3506329113924,25.064556962025318,22.968987341772152,22.484177215189877,22.97088607594937,23.362025316455696,24.00443037974684,24.688607594936705,25.294303797468352,26.03481012658228,26.98101265822785,28.00886075949367,28.88670886075949,29.84050632911392,31.070886075949367,32.595569620253166,34.74683544303797,37.11392405063291,38.24113924050633,38.51202531645569,38.31898734177215,37.78101265822784,36.85189873417722,35.76772151898734,34.175949367088606,32.281012658227844,30.195569620253167,28.86012658227848,29.553797468354432,30.6006329113924,31.60632911392405,32.58164556962026,33.69493670886075,34.96455696202532,36.33417721518988,37.631012658227846,38.97341772151899,40.390506329113926,41.89620253164557,43.70822784810127,46.38734177215191,48.53544303797467
