Cluster 0,Cluster 1
44.4,26.6
43.8,26.15
43.3,25.8
42.7,25.45
42.3,25.1
41.9,24.75
41.5,24.5
41.2,24.25
41.9,24.5
44.7,26.45
47.9,29.1
50.7,30.75
52.9,32.4
54.6,33.75
55.6,34.45
56.2,34.45
55.8,33.75
53.8,32.1
50.8,30.5
48.8,29.05
47.4,28.3
46.6,27.7
45.7,27.2
44.9,26.65
44.3,26.3
43.6,25.9
43.2,25.55
42.6,25.3
42.3,25.0
41.8,24.75
41.4,24.5
40.9,24.25
41.6,24.4
44.5,26.5
47.7,29.0
50.7,30.75
52.9,32.650000000000006
54.4,33.849999999999994
55.6,34.5
56.2,34.5
55.8,33.75
53.8,32.2
50.8,30.55
48.8,29.2
47.5,28.3
46.4,27.75
45.8,27.1
45.0,26.6
44.4,26.2
43.8,25.8
43.3,25.5
42.7,25.2
42.3,24.9
41.7,24.65
41.4,24.35
41.0,24.15
41.7,24.55
44.7,26.5
47.8,28.85
50.7,30.85
52.9,32.650000000000006
54.5,33.8
55.7,34.55
56.3,34.65
55.9,33.849999999999994
54.0,32.3
50.9,30.5
48.9,29.3
47.5,28.55
46.5,27.8
45.8,27.25
45.1,26.6
44.4,26.25
43.8,25.9
43.2,25.55
42.7,25.25
42.1,25.1
41.7,24.700000000000003
41.3,24.45
41.0,24.3
41.8,24.75
44.6,26.85
47.9,28.9
50.8,31.1
53.0,32.75
54.6,33.849999999999994
55.9,34.55
56.5,34.7
56.2,34.0
54.1,32.3
51.0,30.6
48.9,29.4
47.5,28.7
46.5,27.9
45.8,27.3
45.1,26.75
44.5,26.35
43.8,26.1
43.2,25.65
42.8,25.35
42.3,25.05
41.8,24.75
41.4,24.55
41.1,24.4
41.8,24.7
44.7,26.65
48.0,28.95
50.8,31.0
53.1,32.650000000000006
54.7,33.8
56.2,34.55
56.6,34.650000000000006
56.4,33.8
54.1,32.2
51.2,30.45
48.9,29.35
47.7,28.4
46.5,27.6
45.7,27.2
45.1,26.7
44.4,26.25
43.9,25.95
43.2,25.5
42.7,25.15
42.1,24.8
41.6,24.5
41.3,24.3
41.1,24.2
41.6,24.45
44.5,26.35
48.1,28.7
50.7,30.9
53.0,32.6
54.7,33.6
55.9,34.349999999999994
56.5,34.5
56.3,33.75
54.0,32.1
51.2,30.4
48.7,29.35
47.6,28.3
46.3,27.5
45.6,26.95
45.0,26.6
44.2,26.05
43.5,25.65
43.0,25.3
42.5,25.1
42.0,24.8
41.5,24.45
41.2,24.25
41.0,24.2
41.4,24.3
44.5,26.2
47.9,28.5
50.7,30.75
53.0,32.4
54.7,33.45
55.9,34.4
56.7,34.650000000000006
56.3,33.9
54.2,32.05
51.1,30.4
48.7,29.3
47.5,28.3
46.4,27.55
45.5,26.95
44.7,26.55
43.9,26.1
43.4,25.75
42.8,25.5
42.3,25.05
41.8,24.8
41.5,24.55
41.1,24.4
40.9,24.2
41.3,24.15
44.4,26.15
47.7,28.45
50.7,30.8
53.0,32.25
54.8,33.55
56.0,34.5
56.8,34.7
56.3,33.95
54.4,32.05
51.2,30.35
48.8,29.3
47.4,28.5
46.4,27.8
45.5,27.1
44.7,26.4
44.1,25.95
43.5,25.6
43.0,25.4
42.3,25.1
41.8,24.75
41.4,24.6
41.1,24.25
40.9,24.2
41.5,24.25
44.4,26.3
47.7,28.5
50.7,30.75
53.0,32.349999999999994
54.8,33.650000000000006
56.1,34.45
56.9,34.7
56.4,34.150000000000006
54.6,32.05
51.3,30.4
48.9,29.45
47.4,28.6
46.4,27.85
45.5,27.3
44.8,26.7
44.1,26.2
43.5,25.6
42.9,25.4
42.3,25.15
41.8,24.7
41.4,24.5
41.1,24.4
40.8,24.2
41.5,24.3
44.6,26.45
47.8,28.6
50.7,30.8
53.1,32.5
54.9,33.9
56.4,34.650000000000006
57.0,34.8
56.5,34.1
54.8,32.2
51.5,30.5
49.0,29.6
47.5,28.75
46.5,28.05
45.6,27.5
44.9,26.9
44.3,26.3
43.6,25.9
43.0,25.5
42.4,25.3
41.9,25.0
41.5,24.7
41.2,24.5
40.9,24.3
41.6,24.5
44.6,26.6
47.9,28.85
50.8,30.95
53.3,32.650000000000006
55.0,33.8
56.5,34.650000000000006
57.2,34.9
56.9,34.2
55.1,32.349999999999994
51.8,30.65
49.2,29.6
47.7,28.8
46.6,28.15
45.7,27.65
45.0,27.2
44.2,26.5
43.7,26.05
43.1,25.75
42.6,25.5
42.1,25.25
41.6,24.8
41.3,24.7
41.0,24.4
41.8,24.55
44.9,26.65
48.1,28.8
50.9,30.95
53.4,32.650000000000006
55.3,33.7
56.8,34.8
57.3,34.849999999999994
57.0,34.3
55.2,32.5
52.0,30.8
49.5,29.75
47.9,28.85
46.7,28.15
45.8,27.75
45.0,27.3
44.2,26.7
43.7,26.2
43.1,25.85
42.6,25.6
42.2,25.2
41.8,24.9
41.4,24.7
41.1,24.45
42.0,24.6
45.1,26.7
48.3,28.8
51.1,30.8
53.6,32.650000000000006
55.5,33.650000000000006
57.0,34.75
57.5,34.9
57.1,34.3
55.4,32.6
52.3,30.65
49.8,29.7
48.1,28.95
46.9,28.1
46.0,27.65
45.2,27.1
44.5,26.6
43.8,26.2
43.2,25.85
42.7,25.5
42.4,25.0
41.9,24.7
41.6,24.35
41.4,24.1
42.0,24.35
45.2,26.6
48.5,28.75
51.3,30.75
53.7,32.55
55.7,33.7
57.0,34.55
57.6,34.6
57.3,34.2
55.6,32.6
52.4,30.65
49.9,29.7
48.2,28.95
47.1,28.1
46.1,27.5
45.2,27.0
44.6,26.5
43.9,26.1
43.3,25.7
42.9,25.4
42.4,24.9
42.1,24.6
41.8,24.3
41.5,24.05
42.1,24.3
45.3,26.5
48.6,28.7
51.3,30.7
53.6,32.4
55.7,33.6
57.0,34.4
57.5,34.5
57.3,34.2
55.6,32.6
52.6,30.6
49.9,29.7
48.4,28.85
47.2,28.05
46.2,27.4
45.3,26.9
44.7,26.35
44.0,25.9
43.4,25.6
43.0,25.25
42.5,24.85
42.1,24.5
41.8,24.2
41.6,23.95
42.2,24.15
45.3,26.5
48.5,28.6
51.3,30.7
53.8,32.4
55.7,33.5
57.1,34.3
57.5,34.5
57.2,34.2
55.6,32.6
52.6,30.5
49.9,29.6
48.3,28.7
47.1,28.0
46.2,27.3
45.5,26.8
44.6,26.25
44.1,25.8
43.5,25.4
43.0,25.2
42.5,24.8
42.1,24.4
41.8,24.1
41.4,23.8
42.1,24.15
45.0,26.2
48.5,28.55
51.4,30.65
53.9,32.3
55.8,33.45
57.1,34.25
57.5,34.45
57.2,34.05
55.6,32.5
52.4,30.55
49.9,29.55
48.3,28.7
47.1,27.9
46.1,27.35
45.3,26.75
44.6,26.3
43.9,25.85
43.3,25.5
42.8,25.15
42.3,24.8
41.9,24.4
41.5,24.1
41.3,23.85
42.0,24.1
45.1,26.2
48.4,28.45
51.4,30.45
54.1,32.2
55.9,33.45
57.2,34.25
57.7,34.45
57.4,34.05
55.7,32.45
52.5,30.6
49.9,29.35
48.2,28.4
47.0,27.8
45.9,27.0
45.2,26.6
44.5,26.2
43.8,25.75
43.2,25.3
42.8,24.95
42.3,24.55
41.9,24.2
41.5,23.8
41.2,23.65
42.1,24.0
45.2,26.0
48.4,28.3
51.4,30.5
54.1,32.3
55.8,33.45
57.3,34.3
57.7,34.5
57.5,34.05
55.7,32.349999999999994
52.7,30.5
50.0,29.3
48.3,28.4
47.0,27.6
45.9,27.0
45.1,26.5
44.4,26.1
43.7,25.5
43.3,25.1
42.8,24.85
42.4,24.45
42.0,24.1
41.6,23.8
41.2,23.5
41.8,23.9
45.3,25.85
48.4,28.2
51.6,30.5
54.2,32.4
55.8,33.75
57.4,34.6
57.8,34.75
57.6,34.2
55.8,32.5
52.7,30.7
50.2,29.25
48.4,28.35
47.0,27.65
46.0,27.0
45.2,26.65
44.5,25.95
43.7,25.55
43.2,25.25
42.8,24.85
42.3,24.4
42.0,24.1
41.6,23.75
41.3,23.5
41.9,24.05
45.3,25.9
48.4,28.2
51.8,30.45
54.4,32.5
56.2,33.75
57.7,34.650000000000006
58.1,34.9
57.9,34.2
56.2,32.5
53.0,30.8
50.5,29.4
48.6,28.5
47.3,27.7
46.3,27.1
45.3,26.7
44.6,26.05
43.9,25.6
43.3,25.15
42.9,24.9
42.4,24.5
42.1,24.1
41.7,23.85
41.5,23.5
42.1,24.2
45.5,26.0
48.6,28.4
52.0,30.65
54.6,32.55
56.5,33.9
57.9,34.8
58.4,34.95
58.0,34.3
56.4,32.650000000000006
53.2,30.9
50.6,29.5
48.8,28.55
47.6,27.85
46.4,27.2
45.4,26.7
44.7,26.15
44.1,25.65
43.5,25.25
43.0,24.95
42.5,24.6
42.3,24.25
41.8,23.95
41.6,23.7
42.2,24.3
45.8,26.15
48.9,28.35
52.3,30.85
54.8,32.6
56.8,34.150000000000006
58.0,34.95
58.4,35.2
58.0,34.4
56.4,32.849999999999994
53.1,30.95
50.6,29.6
49.0,28.65
47.7,27.9
46.4,27.35
45.6,26.85
44.8,26.2
44.1,25.700000000000003
43.5,25.35
43.0,24.95
42.6,24.7
42.2,24.25
41.8,23.95
41.5,23.7
42.2,24.4
45.8,26.3
49.1,28.6
52.6,30.9
54.9,32.8
56.9,34.2
58.3,35.05
58.8,35.2
58.4,34.5
56.7,32.95
53.5,30.95
50.9,29.7
49.1,28.8
47.8,28.05
46.7,27.4
45.7,26.9
45.0,26.35
44.3,25.85
43.7,25.3
43.1,25.05
42.6,24.7
42.2,24.3
41.8,24.1
41.6,23.85
42.5,24.55
46.0,26.4
49.4,28.85
52.7,31.1
55.2,32.95
57.2,34.25
58.5,35.1
59.0,35.3
58.7,34.7
57.1,33.150000000000006
53.7,31.15
51.2,29.8
49.4,28.85
48.1,28.2
47.0,27.45
46.0,26.8
45.1,26.3
44.4,25.75
43.8,25.25
43.4,25.0
42.8,24.55
42.4,24.1
42.1,23.9
41.7,23.7
42.6,24.3
46.2,26.3
49.5,28.85
52.9,31.15
55.2,33.0
57.2,34.4
58.5,35.25
58.9,35.4
58.7,34.849999999999994
57.0,33.2
53.8,31.3
51.2,29.85
49.5,28.85
48.1,28.2
47.0,27.35
46.0,26.7
45.2,26.1
44.4,25.7
43.9,25.3
43.3,24.9
42.8,24.5
42.4,24.15
42.1,23.85
41.8,23.7
42.8,24.05
46.3,26.3
49.6,28.9
52.8,31.15
55.3,32.95
57.3,34.349999999999994
58.6,35.1
59.0,35.3
58.7,34.75
57.1,33.3
53.8,31.2
51.3,29.8
49.6,28.8
48.2,28.15
47.1,27.25
46.0,26.6
45.4,26.1
44.7,25.7
43.9,25.3
43.4,24.9
42.9,24.55
42.5,24.2
42.1,23.9
41.9,23.7
43.0,24.1
46.4,26.2
49.8,29.0
52.9,31.05
55.3,33.0
57.3,34.4
58.5,35.25
59.0,35.3
58.6,34.8
57.1,33.4
53.9,31.3
51.4,30.0
49.7,29.0
48.3,28.25
47.1,27.4
46.2,26.8
45.4,26.2
44.7,25.75
44.0,25.3
43.5,24.95
42.9,24.7
42.5,24.3
42.2,24.05
41.9,23.8
43.0,24.1
46.5,26.45
49.9,29.0
53.2,31.25
55.4,33.1
57.4,34.55
58.7,35.3
59.2,35.5
58.8,35.0
57.3,33.7
54.0,31.6
51.5,30.2
49.8,29.2
48.4,28.4
47.2,27.65
46.2,26.9
45.5,26.4
44.8,26.0
44.1,25.5
43.6,25.1
43.0,24.75
42.5,24.4
42.2,24.2
41.9,23.9
43.1,24.2
46.5,26.65
50.0,29.1
53.1,31.45
55.5,33.3
57.5,34.7
58.9,35.6
59.5,35.7
58.9,35.25
57.4,33.8
54.2,31.9
51.7,30.4
49.9,29.3
48.5,28.5
47.3,27.8
46.4,27.0
45.6,26.4
44.9,26.05
44.2,25.5
43.6,25.1
43.1,24.8
42.6,24.4
42.4,24.2
42.0,24.0
43.2,24.35
46.7,26.8
50.3,29.3
53.4,31.4
55.9,33.25
57.8,34.55
59.2,35.7
59.8,35.9
59.2,35.4
57.6,34.05
54.4,32.1
51.9,30.65
50.1,29.5
48.7,28.7
47.6,27.9
46.7,27.25
45.8,26.65
45.0,26.2
44.4,25.7
43.8,25.2
43.4,24.95
42.9,24.55
42.5,24.15
42.2,23.95
43.3,24.35
47.0,26.95
50.5,29.35
53.7,31.45
56.2,33.349999999999994
58.1,34.75
59.6,35.55
60.0,35.9
59.5,35.45
58.0,34.1
54.7,32.150000000000006
52.1,30.65
50.2,29.4
49.0,28.65
47.8,27.8
46.8,27.1
46.1,26.5
45.3,26.05
44.6,25.6
44.0,25.05
43.4,24.7
43.0,24.4
42.7,24.200000000000003
42.3,23.85
43.5,24.35
47.1,26.8
50.8,29.2
53.9,31.3
56.3,33.2
58.4,34.7
59.7,35.55
60.2,35.650000000000006
59.6,35.2
58.0,33.9
54.9,32.1
52.1,30.6
50.3,29.3
49.1,28.5
47.9,27.85
46.9,27.2
46.1,26.5
45.3,26.0
44.7,25.55
44.1,25.1
43.5,24.7
43.1,24.3
42.7,24.1
42.3,23.8
43.6,24.35
47.3,26.75
51.0,29.25
54.1,31.25
56.4,32.95
58.4,34.75
59.7,35.6
60.2,35.75
59.8,35.150000000000006
58.2,34.0
55.0,32.0
52.3,30.6
50.5,29.35
49.2,28.4
48.0,27.8
46.9,27.15
46.2,26.45
45.4,25.9
44.8,25.45
44.1,24.95
43.6,24.6
43.2,24.2
42.8,23.85
42.4,23.65
43.7,24.2
47.4,26.7
51.2,29.2
54.2,31.1
56.5,33.0
58.5,34.4
59.8,35.3
60.2,35.6
59.9,35.05
58.2,33.8
55.1,32.0
52.5,30.55
50.6,29.3
49.2,28.45
48.1,27.7
47.0,27.1
46.3,26.4
45.4,25.85
44.8,25.4
44.2,24.95
43.6,24.5
43.2,24.1
42.8,23.75
42.4,23.5
43.8,24.15
47.6,26.6
51.4,29.05
54.3,31.05
56.6,32.849999999999994
58.5,34.3
59.8,35.25
60.4,35.4
59.8,35.0
58.5,33.8
55.2,32.0
52.6,30.5
50.8,29.35
49.2,28.55
48.0,27.9
47.2,27.05
46.3,26.4
45.6,25.9
44.9,25.35
44.3,24.8
43.7,24.45
43.3,24.1
42.8,23.65
42.4,23.45
43.8,24.15
47.7,26.55
51.3,29.0
54.4,31.0
56.7,33.0
58.6,34.25
60.0,35.2
60.3,35.4
60.0,34.95
58.5,33.8
55.3,32.0
52.6,30.6
50.9,29.45
49.3,28.55
48.1,27.85
47.1,27.1
46.3,26.5
45.5,25.95
44.9,25.45
44.3,25.0
43.7,24.6
43.3,24.1
42.9,23.85
42.4,23.6
44.0,24.4
47.9,26.7
51.5,29.05
54.6,31.0
56.9,33.05
58.8,34.349999999999994
60.2,35.25
60.6,35.45
60.3,35.1
58.7,33.95
55.6,32.1
53.0,30.6
51.1,29.6
49.6,28.75
48.3,28.0
47.4,27.25
46.6,26.65
45.8,26.0
45.2,25.4
44.6,25.1
44.1,24.6
43.5,24.3
43.2,23.95
42.8,23.6
44.3,24.45
48.2,26.75
51.7,29.2
54.7,31.2
57.1,33.3
59.0,34.55
60.3,35.45
60.8,35.6
60.4,35.4
58.9,34.1
55.8,32.3
53.1,30.8
51.3,29.8
49.6,28.85
48.4,28.1
47.5,27.25
46.8,26.7
46.0,26.1
45.4,25.5
44.7,25.05
44.1,24.6
43.7,24.25
43.3,23.9
42.8,23.6
44.3,24.45
48.4,26.8
51.8,29.25
54.8,31.4
57.3,33.55
59.1,34.849999999999994
60.4,35.55
60.8,35.75
60.6,35.4
59.0,34.150000000000006
55.8,32.349999999999994
53.2,30.95
51.4,29.85
49.8,29.0
48.6,28.1
47.5,27.4
46.8,26.7
46.0,26.15
45.4,25.75
44.8,25.25
44.2,24.85
43.7,24.5
43.3,24.1
42.9,23.7
44.5,24.55
48.5,27.0
51.9,29.55
55.0,31.6
57.4,33.75
59.4,34.9
60.6,35.650000000000006
61.0,35.9
60.8,35.5
59.2,34.4
56.0,32.650000000000006
53.4,31.1
51.6,29.95
50.0,29.15
48.8,28.35
47.7,27.7
46.9,27.05
46.2,26.4
45.6,25.9
45.0,25.5
44.4,25.1
43.9,24.75
43.4,24.3
43.1,23.95
44.8,24.95
48.6,27.3
52.4,29.9
55.3,31.8
57.6,33.849999999999994
59.5,35.05
60.7,35.9
61.2,36.1
60.9,35.7
59.4,34.6
56.2,32.75
53.6,31.2
51.7,30.0
50.1,29.3
48.9,28.6
47.9,27.700000000000003
47.0,27.1
46.2,26.6
45.6,25.9
45.0,25.55
44.4,25.1
43.9,24.75
43.5,24.4
43.2,24.0
44.8,24.95
48.8,27.3
52.4,30.0
55.2,32.150000000000006
57.7,33.95
59.7,35.3
60.9,35.95
61.2,36.2
61.0,35.7
59.4,34.7
56.2,32.95
53.6,31.3
51.7,30.1
50.2,29.35
49.1,28.65
48.2,27.9
47.2,27.3
46.4,26.75
45.8,26.15
45.1,25.65
44.5,25.2
44.1,24.85
43.7,24.55
43.3,24.25
45.1,25.1
48.9,27.7
52.5,30.1
55.4,32.349999999999994
57.9,34.05
59.7,35.45
60.8,36.05
61.3,36.25
61.1,36.0
59.5,34.9
56.5,33.150000000000006
53.6,31.6
51.8,30.45
50.4,29.7
49.2,28.95
48.3,28.3
47.5,27.6
46.7,26.95
46.1,26.3
45.4,25.8
44.8,25.35
44.1,24.85
43.7,24.7
43.5,24.3
45.4,25.4
48.9,27.9
52.5,30.4
55.7,32.55
58.1,34.2
59.8,35.8
60.9,36.349999999999994
61.4,36.650000000000006
61.2,36.3
59.7,35.2
56.7,33.4
53.8,31.8
52.0,30.8
50.6,30.0
49.5,29.2
48.5,28.4
47.6,27.8
46.8,27.1
46.3,26.5
45.6,26.0
44.9,25.4
44.4,25.05
44.0,24.8
43.6,24.3
45.6,25.55
49.0,28.2
52.5,30.65
55.7,32.849999999999994
58.0,34.650000000000006
60.0,35.95
61.1,36.6
61.6,36.9
61.4,36.55
59.9,35.6
56.6,33.650000000000006
54.0,31.95
52.2,30.9
50.7,30.1
49.7,29.25
48.7,28.45
48.0,27.7
47.2,27.1
46.6,26.55
46.0,26.1
45.3,25.6
44.8,25.1
44.3,24.85
43.9,24.5
45.9,25.6
49.1,28.5
52.6,30.9
55.5,33.1
58.0,35.0
59.9,36.3
61.1,36.9
61.8,37.2
61.5,36.95
60.0,36.0
56.9,33.9
54.1,32.349999999999994
52.4,31.1
51.1,30.2
49.9,29.4
48.9,28.5
48.2,27.9
47.4,27.2
46.7,26.7
46.1,26.25
45.4,25.7
44.9,25.3
44.5,25.0
44.3,24.7
46.1,26.0
49.3,28.75
52.5,31.3
55.6,33.55
58.0,35.5
59.8,36.8
61.1,37.5
61.9,37.75
61.6,37.55
60.1,36.45
57.0,34.4
54.4,32.8
52.6,31.45
51.2,30.4
50.1,29.6
49.1,28.8
48.2,28.2
47.5,27.55
46.9,26.95
46.2,26.5
45.5,26.0
45.0,25.6
44.6,25.3
44.3,25.0
46.2,26.35
49.5,29.1
52.6,31.8
55.7,33.75
58.1,35.650000000000006
59.9,37.150000000000006
61.3,37.8
62.0,38.05
61.6,37.95
60.1,36.7
57.3,34.8
54.5,33.05
52.8,31.8
51.4,30.7
50.2,29.85
49.2,29.1
48.3,28.4
47.5,27.75
46.8,27.25
46.2,26.8
45.5,26.200000000000003
45.0,25.8
44.6,25.3
44.4,25.1
46.3,26.6
49.6,29.35
52.8,32.0
55.9,34.0
58.2,36.05
59.9,37.3
61.4,38.0
62.0,38.25
61.6,38.05
60.2,37.05
57.5,34.9
54.6,33.3
52.9,32.0
51.6,30.85
50.3,30.0
49.3,29.2
48.5,28.55
47.7,27.9
46.9,27.45
46.3,27.1
45.7,26.45
45.2,26.0
44.7,25.55
44.5,25.35
46.4,26.85
49.9,29.65
53.2,32.2
56.0,34.4
58.4,36.4
60.2,37.7
61.5,38.3
61.9,38.6
61.6,38.45
60.4,37.4
57.9,35.2
54.9,33.55
53.1,32.3
51.9,31.2
50.8,30.2
49.8,29.4
48.8,28.7
48.1,28.1
47.4,27.65
46.7,27.25
46.0,26.65
45.4,26.3
45.0,25.8
44.9,25.6
47.0,27.1
50.4,29.85
53.4,32.6
56.3,34.9
58.7,36.7
60.5,38.0
61.7,38.650000000000006
62.0,39.0
61.9,38.75
60.8,37.6
58.2,35.6
55.4,33.9
53.5,32.5
52.3,31.35
51.2,30.5
50.2,29.55
49.1,28.9
48.3,28.35
47.6,27.9
47.1,27.4
46.4,26.85
45.9,26.45
45.3,26.05
45.2,25.75
47.2,27.35
50.6,30.35
53.6,33.0
56.6,35.2
58.9,37.0
60.8,38.3
61.9,39.0
62.1,39.3
62.0,39.1
60.9,37.95
58.3,35.95
55.6,34.2
53.6,32.75
52.5,31.6
51.3,30.75
50.3,30.05
49.2,29.3
48.5,28.7
47.8,28.25
47.1,27.75
46.5,27.15
45.8,26.75
45.4,26.15
45.2,25.9
47.3,27.65
50.8,30.7
53.7,33.2
56.5,35.5
59.0,37.4
61.0,38.5
62.0,39.150000000000006
62.3,39.5
61.9,39.2
61.0,38.2
58.4,36.1
55.7,34.349999999999994
53.7,32.9
52.4,31.85
51.4,30.85
50.3,30.05
49.4,29.4
48.6,28.9
47.9,28.5
47.2,27.8
46.6,27.35
45.9,26.85
45.5,26.35
45.5,26.1
47.5,27.75
51.0,30.8
53.9,33.3
56.8,35.55
59.1,37.4
61.3,38.5
62.2,39.150000000000006
62.4,39.5
62.2,39.3
61.2,38.3
58.7,36.1
55.9,34.3
53.8,33.0
52.5,31.8
51.5,30.9
50.4,30.15
49.5,29.45
48.7,28.9
48.0,28.5
47.3,27.85
46.7,27.3
46.1,26.8
45.5,26.4
45.3,26.3
47.7,28.0
51.2,30.85
54.0,33.4
56.9,35.8
59.3,37.5
61.3,38.6
62.3,39.2
62.5,39.650000000000006
62.3,39.4
61.2,38.349999999999994
58.7,36.3
55.9,34.5
53.8,33.1
52.6,31.95
51.6,31.05
50.4,30.2
49.5,29.5
48.7,28.95
48.0,28.45
47.3,27.85
46.8,27.4
46.0,26.85
45.4,26.45
45.3,26.2
47.9,28.2
51.2,31.05
54.1,33.5
56.9,36.0
59.3,37.6
61.3,38.7
62.2,39.4
62.6,39.75
62.4,39.55
61.2,38.5
58.8,36.4
56.0,34.6
54.0,33.45
52.6,32.2
51.7,31.2
50.5,30.45
49.5,29.65
48.7,29.05
48.0,28.55
47.3,27.95
46.7,27.5
46.1,27.05
45.5,26.6
45.4,26.45
48.1,28.55
51.4,31.3
54.4,34.05
57.2,36.2
59.7,37.75
61.5,38.849999999999994
62.5,39.6
62.8,40.05
62.7,39.75
61.6,38.8
59.2,36.7
56.2,34.7
54.2,33.55
52.8,32.4
51.8,31.45
50.8,30.65
49.7,29.9
48.9,29.25
48.1,28.7
47.4,28.2
46.7,27.75
46.0,27.3
45.4,26.9
45.3,26.8
48.1,28.85
51.4,31.7
54.6,34.5
57.4,36.55
59.7,38.1
61.7,39.2
62.7,39.9
63.0,40.3
62.9,40.2
61.8,39.2
59.3,37.150000000000006
56.4,35.150000000000006
54.3,33.9
52.8,32.75
51.8,31.85
50.9,31.0
49.7,30.3
48.9,29.75
48.2,29.15
47.4,28.65
46.9,28.1
46.2,27.700000000000003
45.7,27.4
45.5,27.35
48.3,29.3
51.7,32.3
54.8,35.1
57.8,37.2
60.1,38.6
62.1,39.849999999999994
63.0,40.5
63.3,40.9
63.1,40.75
62.1,39.849999999999994
59.8,37.8
56.5,35.8
54.4,34.45
53.0,33.25
52.0,32.4
51.0,31.5
50.1,30.7
49.0,30.15
48.4,29.5
47.7,29.0
47.0,28.6
46.5,28.15
46.0,27.75
45.9,27.6
48.6,29.6
52.2,32.75
55.2,35.4
58.1,37.650000000000006
60.6,38.9
62.5,40.3
63.3,41.1
63.7,41.5
63.5,41.4
62.5,40.4
60.1,38.349999999999994
56.9,36.150000000000006
54.8,34.75
53.3,33.650000000000006
52.2,32.8
51.3,32.0
50.2,31.2
49.3,30.65
48.5,30.1
47.9,29.55
47.4,29.05
46.8,28.6
46.2,28.2
46.3,28.05
49.0,30.2
52.6,33.4
55.7,35.849999999999994
58.7,38.05
61.2,39.55
62.8,40.95
63.7,41.7
64.1,42.2
63.9,42.1
63.0,41.05
60.5,39.1
57.4,36.8
55.4,35.25
53.7,34.2
52.5,33.4
51.5,32.5
50.5,31.6
49.7,31.1
48.9,30.45
48.2,29.9
47.8,29.45
47.2,29.0
46.7,28.6
46.7,28.45
49.5,30.7
52.9,34.0
56.0,36.5
58.8,38.6
61.3,40.3
63.0,41.55
63.9,42.45
64.3,43.0
64.2,42.95
63.2,41.9
60.8,39.75
57.8,37.4
55.6,35.8
54.0,34.75
52.8,33.9
51.9,33.1
50.9,32.1
49.9,31.45
49.2,30.95
48.6,30.3
48.0,29.85
47.5,29.4
47.0,29.0
47.0,29.0
50.0,31.35
53.3,34.55
56.5,37.1
59.4,39.25
61.9,40.95
63.4,42.1
64.4,43.2
64.9,43.9
64.6,43.849999999999994
63.8,42.650000000000006
61.2,40.650000000000006
58.1,38.1
56.2,36.349999999999994
54.5,35.2
53.4,34.5
52.4,33.6
51.3,32.650000000000006
50.3,32.0
49.5,31.45
48.9,30.85
48.4,30.35
47.8,29.9
47.4,29.5
47.3,29.6
50.5,32.05
53.9,35.3
57.0,37.8
59.9,39.95
62.3,41.650000000000006
63.9,42.95
64.8,44.1
65.2,44.75
65.1,44.7
64.2,43.650000000000006
61.5,41.5
58.6,38.8
56.6,37.05
54.8,35.75
53.6,35.0
52.6,34.2
51.6,33.2
50.6,32.5
49.9,31.95
49.5,31.3
48.7,30.9
48.2,30.4
47.7,30.05
47.9,30.15
51.0,32.7
54.3,36.0
57.3,38.4
60.2,40.5
62.7,42.3
64.2,43.7
65.1,44.9
65.5,45.45
65.4,45.45
64.5,44.5
62.0,42.2
58.8,39.3
56.9,37.7
55.1,36.349999999999994
53.8,35.5
52.8,34.7
51.8,33.7
50.8,33.1
50.3,32.55
49.6,31.9
48.8,31.4
48.3,31.0
47.8,30.65
48.1,30.75
51.2,33.3
54.5,36.6
57.6,39.0
60.5,41.1
62.9,42.9
64.5,44.45
65.4,45.6
65.8,46.150000000000006
65.7,46.0
64.7,45.150000000000006
62.2,42.7
59.0,39.9
57.1,38.2
55.3,36.95
54.1,36.0
53.0,35.05
52.1,34.2
51.0,33.5
50.4,32.9
50.0,32.2
49.2,31.75
48.5,31.25
48.1,30.85
48.4,31.0
51.5,33.75
54.7,36.9
57.8,39.4
60.9,41.55
63.2,43.55
64.8,44.95
65.9,46.0
66.2,46.4
66.0,46.4
65.0,45.55
62.4,43.349999999999994
59.3,40.5
57.3,38.7
55.6,37.3
54.6,36.349999999999994
53.4,35.55
52.4,34.8
51.4,34.1
50.6,33.4
50.0,32.7
49.5,32.2
48.8,31.7
48.5,31.3
48.6,31.5
51.9,34.2
55.3,37.4
58.4,39.8
61.4,42.3
63.6,44.1
65.3,45.6
66.3,46.650000000000006
66.6,47.2
66.5,47.2
65.4,46.3
62.9,44.1
59.6,41.2
57.7,39.2
56.3,37.95
55.1,36.8
53.8,35.9
52.9,35.2
52.1,34.6
51.2,33.849999999999994
50.4,33.2
49.9,32.7
49.4,32.2
48.9,31.7
49.0,32.1
52.2,34.849999999999994
56.1,38.0
59.1,40.55
62.1,42.9
64.1,44.9
65.7,46.45
66.8,47.55
67.1,48.150000000000006
67.0,48.0
66.1,47.1
63.6,44.95
60.2,41.8
58.1,39.6
56.9,38.4
55.5,37.4
54.4,36.45
53.1,35.6
52.4,35.0
51.7,34.3
51.0,33.8
50.4,33.3
49.8,32.7
49.5,32.25
49.7,32.5
52.9,35.349999999999994
56.8,38.5
59.8,41.2
62.7,43.6
64.5,45.4
66.2,47.05
67.2,48.05
67.7,48.7
67.7,48.6
66.6,47.75
64.1,45.4
60.6,42.1
58.7,40.150000000000006
57.2,38.8
56.1,37.849999999999994
54.8,36.8
53.8,36.0
52.8,35.3
52.0,34.8
51.4,34.150000000000006
50.9,33.6
50.2,33.1
49.9,32.650000000000006
50.2,33.0
53.4,36.05
57.2,39.05
60.1,41.7
62.8,44.1
64.8,46.0
66.4,47.6
67.4,48.6
68.0,49.2
67.9,49.1
66.8,48.349999999999994
64.4,46.0
61.1,42.55
58.9,40.5
57.5,39.3
56.3,38.25
55.0,37.25
54.0,36.5
53.0,35.8
52.3,35.3
51.6,34.6
51.1,34.0
50.6,33.55
50.2,33.0
50.5,33.5
53.8,36.6
57.4,39.6
60.5,42.2
62.9,44.6
65.1,46.5
66.7,48.2
67.6,49.2
68.3,49.75
68.3,49.7
67.1,48.8
64.6,46.5
61.5,43.0
59.4,41.0
58.0,39.7
56.6,38.6
55.3,37.650000000000006
54.4,36.849999999999994
53.4,36.1
52.7,35.6
51.9,34.95
51.3,34.4
51.0,33.95
50.4,33.4
50.9,33.9
54.3,36.849999999999994
57.8,40.0
60.8,42.6
63.3,45.0
65.3,46.95
67.0,48.6
67.9,49.650000000000006
68.6,50.2
68.5,49.95
67.3,49.150000000000006
64.9,46.8
61.7,43.4
59.6,41.3
58.1,39.95
56.7,38.75
55.5,37.8
54.6,37.05
53.8,36.3
53.0,35.7
52.2,35.150000000000006
51.5,34.5
51.2,34.05
50.8,33.6
51.1,34.1
54.7,37.05
58.0,40.1
60.9,42.8
63.5,45.1
65.6,47.2
67.1,48.75
68.1,49.849999999999994
68.8,50.349999999999994
68.7,50.1
67.5,49.3
65.1,46.849999999999994
61.9,43.6
59.7,41.3
58.3,39.95
57.0,38.8
55.8,37.849999999999994
54.7,37.05
53.9,36.3
53.1,35.6
52.3,35.1
51.7,34.6
51.2,34.1
50.8,33.650000000000006
51.3,34.3
54.9,37.25
58.1,40.3
61.1,43.0
63.7,45.25
65.8,47.3
67.3,48.849999999999994
68.4,49.9
68.9,50.349999999999994
68.7,50.2
67.6,49.3
65.3,46.9
62.0,43.8
59.7,41.55
58.3,40.1
57.0,38.95
55.9,38.05
54.7,37.150000000000006
53.8,36.4
53.0,35.7
52.2,35.1
51.6,34.6
51.1,34.1
50.7,33.7
51.5,34.5
54.8,37.4
58.2,40.4
61.2,43.1
63.8,45.349999999999994
66.0,47.349999999999994
67.4,48.849999999999994
68.6,49.8
69.0,50.349999999999994
68.7,50.1
67.7,49.2
65.5,47.0
61.9,43.95
59.6,41.6
58.2,40.150000000000006
56.9,39.05
55.9,38.1
54.7,37.2
53.8,36.4
52.9,35.8
52.3,35.2
51.6,34.6
51.1,34.2
50.7,33.7
51.5,34.7
54.9,37.6
58.5,40.6
61.5,43.05
64.1,45.3
66.2,47.25
67.6,48.75
68.7,49.75
69.1,50.2
68.8,50.0
67.9,49.0
65.7,46.9
62.1,44.1
59.7,41.7
58.1,40.25
56.8,39.2
55.8,38.2
54.8,37.25
53.8,36.5
53.2,35.8
52.5,35.25
51.6,34.7
51.2,34.2
50.7,33.8
51.7,34.849999999999994
55.2,37.8
58.8,40.7
61.8,43.2
64.4,45.349999999999994
66.4,47.45
67.6,48.8
68.8,49.75
69.3,50.45
68.9,50.150000000000006
67.9,49.1
65.7,47.05
62.2,44.2
59.9,41.9
58.2,40.45
56.8,39.4
56.0,38.349999999999994
54.8,37.4
54.0,36.6
53.3,35.95
52.6,35.3
51.8,34.849999999999994
51.3,34.4
50.8,34.0
51.8,35.1
55.4,38.0
59.0,41.0
62.1,43.4
64.5,45.6
66.5,47.5
67.8,48.9
69.0,50.0
69.5,50.45
69.0,50.2
68.1,49.2
65.9,47.2
62.5,44.45
60.0,42.0
58.4,40.650000000000006
57.1,39.6
56.1,38.5
54.9,37.5
54.1,36.75
53.3,36.150000000000006
52.6,35.45
51.9,35.0
51.4,34.5
50.9,34.1
51.9,35.3
55.5,38.3
59.1,41.1
62.2,43.5
64.7,45.8
66.7,47.7
68.0,49.150000000000006
69.3,50.150000000000006
69.6,50.6
69.2,50.349999999999994
68.3,49.55
66.2,47.4
62.6,44.650000000000006
60.2,42.3
58.6,40.9
57.2,39.6
56.2,38.6
55.1,37.650000000000006
54.3,36.9
53.5,36.2
52.9,35.7
52.1,35.1
51.7,34.7
51.1,34.2
52.1,35.4
55.7,38.5
59.3,41.4
62.5,43.8
64.9,46.150000000000006
66.7,48.0
68.2,49.4
69.3,50.4
69.8,50.8
69.4,50.7
68.5,49.8
66.3,47.7
62.7,44.75
60.3,42.5
58.7,41.2
57.3,39.9
56.3,38.9
55.3,37.95
54.5,37.2
53.6,36.5
53.0,35.9
52.3,35.4
51.9,34.95
51.3,34.5
52.3,35.8
55.9,39.1
59.5,41.7
62.7,44.25
65.2,46.3
66.9,48.150000000000006
68.4,49.7
69.4,50.6
69.9,51.2
69.6,50.849999999999994
68.7,50.1
66.6,48.0
63.0,45.05
60.5,42.8
58.7,41.4
57.5,40.2
56.6,39.150000000000006
55.5,38.25
54.6,37.5
53.7,36.8
53.2,36.25
52.4,35.8
51.9,35.3
51.4,34.9
52.6,36.150000000000006
56.0,39.349999999999994
59.6,42.0
62.9,44.5
65.3,46.7
67.1,48.45
68.7,49.849999999999994
69.7,50.8
70.0,51.349999999999994
69.9,51.150000000000006
68.9,50.3
66.7,48.4
63.2,45.25
60.6,43.1
58.9,41.6
57.7,40.4
56.8,39.25
55.6,38.5
54.8,37.8
54.0,37.1
53.4,36.6
52.6,36.05
52.0,35.6
51.6,35.1
52.8,36.5
56.2,39.6
59.7,42.4
63.0,44.7
65.4,46.9
67.3,48.650000000000006
68.8,50.1
70.0,51.0
70.3,51.5
70.1,51.3
69.3,50.4
67.1,48.5
63.6,45.4
60.8,43.3
59.1,41.9
58.0,40.6
57.0,39.45
55.9,38.8
55.1,38.05
54.1,37.4
53.7,36.8
52.9,36.25
52.2,35.849999999999994
51.8,35.349999999999994
53.1,36.650000000000006
56.5,39.8
60.1,42.7
63.3,45.150000000000006
65.6,47.3
67.4,49.05
69.0,50.2
70.2,51.1
70.6,51.6
70.4,51.5
69.5,50.6
67.4,48.7
64.0,45.55
61.2,43.6
59.4,42.150000000000006
58.3,40.8
57.4,39.75
56.3,39.0
55.4,38.4
54.4,37.8
53.9,37.05
53.2,36.6
52.5,36.1
52.1,35.6
53.5,37.0
56.7,40.1
60.4,42.95
63.4,45.349999999999994
65.8,47.45
67.6,49.25
69.3,50.4
70.4,51.3
70.8,51.9
70.5,51.8
69.8,50.8
67.6,49.0
64.3,45.7
61.4,43.8
59.6,42.349999999999994
58.5,40.9
57.5,40.0
56.4,39.2
55.6,38.6
54.7,37.9
54.1,37.3
53.4,36.7
52.7,36.25
52.4,35.8
53.7,37.349999999999994
56.9,40.4
60.5,43.25
63.5,45.75
66.0,47.7
67.8,49.4
69.4,50.7
70.5,51.6
71.0,52.2
70.9,51.9
70.0,51.1
67.8,49.3
64.5,46.0
61.6,44.0
59.7,42.5
58.7,41.2
57.6,40.2
56.7,39.4
55.8,38.8
54.9,38.150000000000006
54.3,37.45
53.6,37.0
52.9,36.5
52.6,36.0
53.8,37.6
57.2,40.7
60.8,43.55
63.8,45.9
66.2,47.95
68.0,49.75
69.6,51.1
70.8,51.9
71.2,52.5
71.1,52.25
70.3,51.45
67.9,49.55
64.7,46.3
61.8,44.3
59.9,42.75
58.8,41.5
57.7,40.6
56.9,39.8
56.0,39.0
55.1,38.4
54.5,37.8
53.7,37.2
53.2,36.75
52.7,36.349999999999994
54.0,37.9
57.4,41.150000000000006
61.0,44.0
63.9,46.3
66.4,48.45
68.1,50.2
69.7,51.4
70.9,52.3
71.4,52.8
71.2,52.6
70.5,51.9
68.1,50.0
64.8,46.849999999999994
61.9,44.7
60.1,43.3
58.9,42.0
57.8,41.0
56.9,40.2
56.1,39.4
55.3,38.8
54.6,38.150000000000006
53.9,37.5
53.3,37.0
52.9,36.55
54.3,38.4
57.7,41.55
61.4,44.5
64.1,46.849999999999994
66.5,48.849999999999994
68.3,50.55
69.9,51.9
71.0,52.8
71.5,53.25
71.5,53.0
70.6,52.3
68.3,50.45
64.9,47.25
62.1,45.150000000000006
60.4,43.7
59.0,42.4
57.8,41.3
57.1,40.4
56.3,39.75
55.5,39.150000000000006
54.9,38.4
54.2,37.650000000000006
53.5,37.1
53.3,36.849999999999994
54.6,38.8
58.0,41.9
61.6,44.8
64.4,47.25
66.6,49.25
68.6,51.0
70.2,52.4
71.3,53.2
72.0,53.6
71.8,53.4
70.8,52.55
68.7,50.849999999999994
65.2,47.6
62.5,45.5
60.6,43.95
59.2,42.6
58.2,41.650000000000006
57.4,40.7
56.6,40.0
55.7,39.349999999999994
55.1,38.6
54.4,38.0
53.9,37.5
53.5,37.2
54.8,39.1
58.1,42.3
61.8,45.2
64.6,47.7
66.9,49.7
68.9,51.3
70.5,52.75
71.7,53.650000000000006
72.3,54.0
72.0,53.7
71.2,52.9
69.0,51.2
65.5,48.1
62.7,45.8
60.9,44.3
59.5,42.95
58.4,42.0
57.6,41.1
56.7,40.3
55.9,39.650000000000006
55.4,38.9
54.5,38.3
53.9,37.7
53.6,37.5
55.0,39.75
58.4,42.9
62.0,45.7
64.8,48.1
67.1,50.2
69.1,51.75
70.8,53.2
72.1,54.05
72.6,54.4
72.4,53.95
71.6,53.3
69.3,51.6
65.8,48.5
63.0,46.2
60.9,44.7
59.7,43.4
58.5,42.3
57.7,41.5
56.8,40.7
56.1,40.0
55.6,39.25
54.6,38.6
54.0,38.0
53.6,37.8
55.4,40.0
58.7,43.3
62.2,46.1
65.1,48.6
67.5,50.45
69.5,52.1
71.2,53.4
72.3,54.3
72.9,54.55
72.6,54.5
71.9,53.650000000000006
69.6,51.9
66.0,48.8
63.2,46.5
61.1,45.0
59.9,43.75
58.7,42.650000000000006
57.9,41.8
57.0,41.0
56.3,40.2
55.7,39.5
54.9,38.95
54.2,38.4
53.9,38.1
55.6,40.45
59.1,43.7
62.4,46.4
65.3,48.849999999999994
67.7,50.8
69.7,52.4
71.3,53.7
72.4,54.6
72.8,55.05
72.8,54.95
71.9,53.9
69.7,52.150000000000006
66.3,49.1
63.4,46.9
61.3,45.3
60.1,44.1
59.0,42.95
58.1,42.1
57.2,41.3
56.4,40.5
55.7,39.75
55.1,39.2
54.4,38.650000000000006
54.0,38.5
55.7,40.849999999999994
59.0,44.0
62.4,46.8
65.4,49.150000000000006
67.9,51.2
69.7,52.75
71.2,53.95
72.4,54.8
72.8,55.3
72.8,55.25
71.9,54.2
69.7,52.349999999999994
66.4,49.4
63.5,47.1
61.5,45.4
60.2,44.1
59.1,43.0
58.2,42.349999999999994
57.3,41.6
56.5,40.6
55.8,39.9
55.1,39.3
54.4,38.8
54.0,38.7
55.7,41.1
59.1,44.3
62.5,47.1
65.5,49.45
67.8,51.6
69.7,53.05
71.2,54.3
72.3,55.25
72.8,55.6
72.7,55.349999999999994
71.8,54.6
69.7,52.6
66.4,49.55
63.5,47.3
61.4,45.6
60.3,44.349999999999994
59.0,43.3
58.2,42.5
57.2,41.7
56.4,40.7
55.7,40.1
55.0,39.55
54.4,38.9
54.0,38.9
55.8,41.349999999999994
59.3,44.5
62.6,47.4
65.5,49.8
67.9,51.8
69.7,53.4
71.4,54.6
72.4,55.5
72.9,55.849999999999994
72.8,55.6
71.8,54.7
69.7,52.9
66.4,49.8
63.6,47.5
61.3,45.9
60.1,44.6
58.9,43.5
58.2,42.650000000000006
57.3,41.9
56.4,41.0
55.7,40.349999999999994
55.0,39.8
54.4,39.3
54.1,39.25
55.9,41.7
59.4,45.0
62.7,47.8
65.7,50.150000000000006
68.1,52.3
69.9,53.7
71.4,55.05
72.5,55.95
73.0,56.25
72.8,56.0
71.9,55.0
69.9,53.2
66.4,50.2
63.6,47.849999999999994
61.4,46.150000000000006
60.2,44.9
59.1,43.849999999999994
58.2,43.0
57.4,42.1
56.4,41.3
55.7,40.6
54.9,40.0
54.3,39.4
54.1,39.5
56.3,42.05
59.6,45.4
62.9,48.2
65.8,50.6
68.0,52.75
69.9,54.25
71.5,55.45
72.6,56.4
73.0,56.7
72.9,56.4
71.9,55.45
69.9,53.7
66.5,50.650000000000006
63.7,48.3
61.5,46.6
60.3,45.3
59.1,44.25
58.2,43.4
57.4,42.55
56.5,41.7
55.7,40.9
55.1,40.349999999999994
54.5,39.7
54.3,39.8
56.5,42.45
59.9,45.849999999999994
63.2,48.8
66.0,51.1
68.3,53.2
70.1,54.75
71.8,56.0
72.9,56.75
73.4,57.2
73.2,56.9
72.2,55.9
70.0,54.1
66.6,51.05
63.9,48.7
61.8,47.1
60.4,45.75
59.3,44.650000000000006
58.4,43.9
57.5,42.95
56.8,42.1
56.0,41.349999999999994
55.2,40.75
54.7,40.1
54.4,40.25
56.7,42.9
60.2,46.349999999999994
63.5,49.3
66.3,51.6
68.6,53.6
70.4,55.2
71.9,56.3
73.1,57.2
73.5,57.55
73.3,57.25
72.5,56.45
70.2,54.6
66.8,51.55
64.0,49.1
62.0,47.5
60.7,46.2
59.4,45.0
58.5,44.2
57.7,43.3
56.7,42.45
56.0,41.7
55.4,41.05
54.8,40.5
54.5,40.7
56.9,43.2
60.5,46.849999999999994
63.8,49.7
66.5,52.05
69.0,54.1
70.7,55.8
72.3,56.9
73.4,57.7
73.8,58.05
73.7,57.8
72.8,56.95
70.6,55.2
67.1,52.05
64.2,49.4
62.3,47.9
60.9,46.6
59.6,45.4
58.6,44.5
57.8,43.650000000000006
56.9,42.8
56.2,42.0
55.7,41.3
55.0,40.75
54.7,41.0
57.1,43.55
60.8,47.0
64.1,50.0
66.9,52.4
69.3,54.5
71.2,56.150000000000006
72.6,57.3
73.7,58.1
74.2,58.5
74.1,58.3
73.1,57.3
71.0,55.6
67.3,52.4
64.5,49.849999999999994
62.6,48.25
61.2,47.0
59.9,45.8
58.8,44.849999999999994
58.0,44.0
57.1,43.05
56.5,42.25
55.8,41.55
55.3,41.0
55.0,41.2
57.4,43.95
61.1,47.4
64.3,50.45
67.1,52.7
69.5,55.0
71.5,56.5
72.9,57.8
74.0,58.6
74.5,58.95
74.3,58.8
73.3,57.8
71.2,55.9
67.7,52.9
64.8,50.349999999999994
62.8,48.7
61.4,47.4
60.1,46.25
59.0,45.2
58.2,44.4
57.3,43.6
56.7,42.8
56.1,42.1
55.6,41.5
55.2,41.7
57.7,44.5
61.3,47.75
64.5,50.8
67.5,53.3
69.9,55.349999999999994
71.7,57.0
73.2,58.2
74.3,59.0
74.6,59.349999999999994
74.5,59.1
73.6,58.150000000000006
71.3,56.2
68.0,53.349999999999994
65.2,50.8
63.1,49.150000000000006
61.7,47.8
60.5,46.6
59.5,45.7
58.5,44.8
57.7,43.95
56.9,43.2
56.3,42.5
55.8,41.8
55.6,42.1
58.3,44.8
61.6,48.0
64.8,51.2
67.8,53.55
70.2,55.8
71.9,57.349999999999994
73.6,58.650000000000006
74.6,59.349999999999994
74.9,59.7
74.8,59.4
73.8,58.4
71.6,56.6
68.3,53.650000000000006
65.5,51.1
63.4,49.5
62.0,48.1
60.9,47.0
59.9,45.849999999999994
59.0,44.9
58.1,44.150000000000006
57.3,43.349999999999994
56.6,42.75
56.2,42.05
56.0,42.4
58.4,45.150000000000006
61.8,48.3
65.3,51.4
68.1,53.849999999999994
70.5,56.0
72.2,57.6
73.7,58.8
74.8,59.6
75.1,59.8
74.9,59.6
74.0,58.55
71.9,56.849999999999994
68.6,53.95
65.7,51.4
63.7,49.7
62.3,48.3
61.1,47.2
60.1,46.150000000000006
59.2,45.150000000000006
58.3,44.4
57.5,43.55
56.9,43.0
56.4,42.4
56.3,42.7
58.6,45.3
62.0,48.6
65.4,51.55
68.3,54.05
70.7,56.2
72.3,57.8
74.0,59.0
75.0,59.8
75.2,59.95
75.1,59.75
74.2,58.8
72.2,57.1
68.8,54.1
65.9,51.55
63.8,49.9
62.5,48.6
61.3,47.4
60.4,46.25
59.4,45.349999999999994
58.6,44.5
57.7,43.75
57.1,43.1
56.5,42.45
56.4,42.8
58.9,45.7
62.3,48.9
65.7,51.8
68.7,54.3
71.0,56.4
72.8,58.0
74.4,59.1
75.3,59.9
75.6,60.1
75.4,59.9
74.3,58.95
72.4,57.25
69.1,54.4
66.2,51.8
64.2,50.05
62.8,48.849999999999994
61.4,47.6
60.5,46.55
59.7,45.6
58.8,44.8
58.0,44.0
57.3,43.4
56.8,42.7
56.8,43.1
59.3,46.1
62.6,49.2
66.0,52.0
69.0,54.4
71.3,56.650000000000006
73.3,58.05
74.8,59.3
75.7,60.2
76.1,60.3
75.8,60.150000000000006
74.8,59.25
72.8,57.7
69.4,54.75
66.4,52.05
64.5,50.349999999999994
63.0,49.1
61.6,47.849999999999994
60.8,46.75
59.8,45.7
59.1,44.95
58.1,44.25
57.6,43.55
57.0,43.0
56.9,43.4
59.6,46.3
63.1,49.5
66.4,52.2
69.4,54.650000000000006
71.8,56.849999999999994
73.7,58.3
75.2,59.5
76.1,60.3
76.5,60.6
76.1,60.4
75.2,59.55
73.1,58.0
69.9,55.05
66.9,52.4
65.0,50.7
63.4,49.3
62.1,48.150000000000006
61.1,47.05
60.3,46.1
59.5,45.25
58.7,44.55
57.9,43.9
57.5,43.2
57.3,43.7
60.1,46.7
63.5,49.8
66.8,52.55
69.9,54.9
72.3,57.1
74.1,58.7
75.7,59.9
76.5,60.7
76.8,60.9
76.4,60.55
75.6,59.9
73.5,58.4
70.2,55.6
67.2,52.75
65.4,51.1
63.9,49.7
62.5,48.5
61.5,47.4
60.8,46.45
60.0,45.650000000000006
59.1,45.0
58.3,44.3
57.8,43.7
57.8,44.150000000000006
60.6,47.05
63.8,50.25
67.2,53.05
70.1,55.5
72.6,57.45
74.4,59.1
75.9,60.2
76.7,61.0
77.1,61.349999999999994
76.7,60.9
75.9,60.25
73.8,58.7
70.4,55.9
67.5,53.1
65.4,51.4
64.0,50.150000000000006
62.8,48.9
61.9,47.75
61.0,46.9
60.3,46.0
59.3,45.4
58.6,44.650000000000006
57.9,44.0
58.1,44.6
60.9,47.5
64.2,50.650000000000006
67.5,53.5
70.4,55.849999999999994
72.9,57.8
74.8,59.4
76.2,60.5
77.0,61.3
77.3,61.7
77.0,61.3
76.0,60.650000000000006
74.0,59.05
70.6,56.2
67.8,53.4
65.8,51.7
64.3,50.4
63.1,49.2
62.2,48.1
61.2,47.25
60.4,46.4
59.6,45.7
59.0,44.9
58.3,44.3
58.5,45.0
61.1,47.9
64.4,50.95
67.8,53.9
70.8,56.3
73.1,58.349999999999994
75.0,59.9
76.5,60.9
77.2,61.75
77.6,62.05
77.3,61.7
76.3,61.0
74.2,59.4
71.0,56.650000000000006
68.1,53.8
66.1,52.05
64.5,50.75
63.4,49.6
62.4,48.5
61.4,47.5
60.7,46.7
59.9,46.0
59.2,45.3
58.6,44.650000000000006
58.7,45.4
61.4,48.3
64.8,51.3
68.3,54.2
71.1,56.7
73.4,58.6
75.3,60.25
76.8,61.4
77.6,62.0
77.8,62.349999999999994
77.5,62.0
76.5,61.3
74.5,59.8
71.2,57.0
68.4,54.150000000000006
66.3,52.4
64.9,51.1
63.7,49.9
62.7,48.849999999999994
61.7,47.9
61.0,47.05
60.3,46.3
59.6,45.6
58.9,45.0
59.0,45.7
61.7,48.650000000000006
65.1,51.7
68.5,54.55
71.4,57.0
73.6,59.0
75.4,60.6
77.0,61.7
77.8,62.45
78.1,62.6
77.7,62.4
76.8,61.650000000000006
74.8,60.1
71.5,57.4
68.6,54.5
66.6,52.7
65.2,51.4
63.9,50.2
62.9,49.1
62.0,48.150000000000006
61.2,47.349999999999994
60.5,46.55
59.8,45.9
59.1,45.4
59.3,46.1
62.0,49.05
65.4,52.1
68.7,55.0
71.5,57.4
73.8,59.3
75.7,60.8
77.1,62.0
77.9,62.849999999999994
78.2,63.0
77.9,62.8
77.1,61.95
75.0,60.5
71.8,57.95
68.9,54.849999999999994
66.9,53.1
65.4,51.8
64.2,50.6
63.2,49.5
62.2,48.5
61.4,47.6
60.7,46.9
60.0,46.2
59.3,45.650000000000006
59.5,46.5
62.2,49.4
65.7,52.5
69.0,55.4
71.8,57.8
74.1,59.650000000000006
75.9,61.1
77.5,62.2
78.3,63.0
78.6,63.2
78.2,63.1
77.2,62.2
75.3,60.8
72.0,58.05
69.2,55.1
67.1,53.4
65.7,52.0
64.4,50.849999999999994
63.5,49.7
62.5,48.7
61.7,47.9
61.0,47.2
60.3,46.4
59.6,45.9
59.8,46.8
62.5,49.7
65.9,52.8
69.2,55.55
72.0,58.05
74.3,59.8
76.1,61.3
77.6,62.4
78.4,63.349999999999994
78.7,63.5
78.3,63.3
77.5,62.55
75.5,61.0
72.2,58.45
69.3,55.3
67.3,53.55
65.8,52.2
64.6,51.0
63.6,49.849999999999994
62.6,48.9
61.9,48.1
61.1,47.5
60.5,46.7
59.7,46.150000000000006
60.0,47.1
62.8,50.0
66.1,53.05
69.5,55.9
72.3,58.4
74.5,60.150000000000006
76.3,61.6
77.9,62.75
78.7,63.650000000000006
78.9,63.9
78.6,63.7
77.7,62.8
75.7,61.3
72.4,58.75
69.5,55.6
67.4,53.9
65.9,52.5
64.9,51.349999999999994
63.8,50.1
62.8,49.150000000000006
62.0,48.45
61.3,47.7
60.6,46.95
60.0,46.5
60.3,47.4
63.0,50.4
66.4,53.4
69.7,56.25
72.4,58.650000000000006
74.7,60.5
76.6,61.8
78.1,63.0
78.8,63.849999999999994
79.0,64.15
78.7,64.0
77.9,63.150000000000006
75.8,61.650000000000006
72.7,59.0
69.6,55.75
67.6,54.0
66.2,52.8
65.0,51.6
64.0,50.349999999999994
63.0,49.45
62.2,48.650000000000006
61.4,47.849999999999994
60.7,47.150000000000006
60.2,46.650000000000006
60.6,47.7
63.3,50.7
66.6,53.7
69.9,56.55
72.7,58.9
75.0,60.7
76.7,62.1
78.4,63.25
79.1,64.2
79.3,64.4
79.0,64.2
78.2,63.5
76.0,61.9
73.0,59.4
69.8,56.1
67.9,54.3
66.4,53.0
65.3,51.8
64.2,50.6
63.2,49.7
62.4,48.849999999999994
61.6,48.1
61.0,47.3
60.4,46.849999999999994
60.8,48.0
63.5,51.0
66.8,53.95
70.1,56.8
72.9,59.25
75.2,61.1
77.0,62.45
78.5,63.6
79.2,64.6
79.6,64.8
79.2,64.5
78.3,63.8
76.3,62.25
73.2,59.7
70.0,56.4
68.0,54.6
66.6,53.3
65.5,52.05
64.4,50.849999999999994
63.3,49.9
62.5,49.1
61.7,48.3
61.1,47.6
60.6,47.1
61.0,48.25
63.7,51.349999999999994
67.0,54.349999999999994
70.3,57.2
73.1,59.6
75.3,61.5
77.0,63.0
78.7,64.2
79.3,65.05
79.7,65.3
79.4,65.05
78.5,64.2
76.5,62.7
73.4,60.150000000000006
70.2,56.849999999999994
68.2,54.95
66.8,53.6
65.7,52.45
64.7,51.3
63.7,50.3
62.7,49.55
61.9,48.9
61.3,48.0
60.8,47.6
61.3,48.7
64.0,51.8
67.3,54.849999999999994
70.5,57.6
73.3,60.0
75.5,61.9
77.2,63.4
78.7,64.65
79.4,65.5
79.8,65.75
79.5,65.45
78.5,64.65
76.7,63.150000000000006
73.5,60.7
70.4,57.4
68.3,55.4
67.0,53.9
65.8,52.7
64.8,51.55
63.8,50.7
62.9,49.9
62.1,49.1
61.4,48.45
60.9,48.0
61.4,49.1
64.1,52.150000000000006
67.4,55.150000000000006
70.7,57.9
73.4,60.4
75.5,62.3
77.3,63.9
78.7,65.0
79.6,65.9
79.9,66.1
79.4,65.9
78.5,65.1
76.8,63.5
73.5,61.0
70.4,57.7
68.4,55.650000000000006
67.0,54.150000000000006
65.9,53.0
64.9,51.849999999999994
63.9,50.8
62.9,50.1
62.2,49.349999999999994
61.6,48.7
61.0,48.2
61.6,49.4
64.2,52.4
67.6,55.5
70.8,58.25
73.5,60.6
75.9,62.55
77.6,64.1
78.9,65.3
79.7,66.15
80.0,66.35
79.6,66.3
78.6,65.4
76.9,63.8
73.7,61.349999999999994
70.7,58.0
68.6,55.9
67.1,54.3
65.9,53.150000000000006
64.9,52.1
64.0,51.0
63.1,50.3
62.4,49.5
61.7,48.9
61.1,48.4
61.7,49.6
64.3,52.6
67.7,55.8
71.0,58.5
73.6,60.8
75.9,62.75
77.8,64.3
79.2,65.5
79.9,66.25
80.2,66.6
79.9,66.4
78.8,65.5
76.9,63.9
73.9,61.650000000000006
70.9,58.25
68.8,56.05
67.2,54.5
66.0,53.3
65.0,52.2
64.0,51.3
63.2,50.6
62.4,49.8
61.8,49.150000000000006
61.2,48.6
61.9,49.8
64.6,52.9
67.9,55.9
71.2,58.55
73.9,60.9
76.1,62.849999999999994
78.0,64.5
79.4,65.6
80.2,66.4
80.4,66.7
80.1,66.55
79.1,65.55
77.3,64.1
74.3,61.8
70.9,58.6
69.0,56.25
67.5,54.7
66.4,53.5
65.3,52.45
64.4,51.55
63.4,50.8
62.8,50.0
62.0,49.25
61.5,48.75
62.0,50.1
65.0,53.150000000000006
68.3,56.2
71.4,58.8
74.2,61.3
76.5,63.1
78.3,64.65
79.6,65.9
80.3,66.6
80.6,67.0
80.4,66.7
79.4,65.8
77.6,64.3
74.5,62.1
71.3,58.8
69.3,56.45
67.9,55.0
66.6,53.8
65.6,52.75
64.7,51.7
63.9,51.1
63.1,50.1
62.5,49.45
61.9,49.0
62.4,50.4
65.3,53.3
68.4,56.349999999999994
71.7,59.150000000000006
74.4,61.5
76.6,63.45
78.4,64.9
79.8,66.0
80.5,66.75
80.8,67.0
80.4,66.75
79.5,65.95
77.7,64.55
74.7,62.2
71.5,58.9
69.5,56.7
68.0,55.2
66.9,54.05
65.8,52.8
65.0,51.9
64.2,51.25
63.4,50.4
62.7,49.7
62.1,49.3
62.9,50.7
65.5,53.55
68.7,56.55
71.8,59.3
74.6,61.6
76.8,63.55
78.7,64.9
79.9,66.1
80.7,66.85
80.9,67.1
80.6,66.9
79.8,66.2
77.9,64.7
75.0,62.4
71.8,59.3
69.7,56.9
68.3,55.45
67.1,54.3
66.1,53.1
65.2,52.3
64.4,51.55
63.7,50.650000000000006
63.0,50.05
62.4,49.55
63.2,51.0
65.8,54.0
69.0,56.8
72.1,59.5
74.8,61.8
77.1,63.8
78.8,65.2
80.1,66.35
80.9,67.2
81.1,67.35
80.8,67.2
79.9,66.4
78.1,65.1
75.1,62.8
72.0,59.6
69.9,57.2
68.5,55.8
67.2,54.55
66.3,53.4
65.4,52.6
64.8,51.9
63.8,51.1
63.3,50.4
62.7,49.95
63.5,51.45
66.2,54.3
69.3,57.3
72.4,60.1
75.1,62.25
77.3,64.3
79.1,65.75
80.3,66.8
81.2,67.6
81.3,67.8
81.0,67.65
79.9,66.95
78.2,65.6
75.2,63.2
72.3,59.95
70.1,57.849999999999994
68.8,56.349999999999994
67.5,55.0
66.5,54.0
65.7,53.0
65.0,52.2
64.1,51.5
63.5,50.8
62.9,50.3
63.8,52.1
66.7,54.9
69.7,57.8
72.9,60.5
75.3,62.8
77.6,64.7
79.4,66.25
80.4,67.4
81.4,68.1
81.5,68.4
81.1,68.1
80.1,67.5
78.3,66.2
75.4,63.8
72.6,60.5
70.4,58.4
69.0,57.0
67.8,55.650000000000006
66.9,54.55
66.0,53.6
65.2,52.75
64.5,52.0
63.9,51.4
63.4,51.0
64.1,52.7
66.9,55.6
70.1,58.4
73.2,61.0
75.7,63.4
77.9,65.35
79.6,66.9
80.7,68.2
81.6,68.8
81.9,69.1
81.3,68.9
80.4,68.2
78.6,66.85
75.7,64.45
72.8,61.25
70.8,59.2
69.3,57.6
68.2,56.3
67.2,55.2
66.4,54.2
65.7,53.349999999999994
65.0,52.6
64.4,52.0
63.9,51.7
64.4,53.4
67.4,56.3
70.6,59.1
73.6,61.650000000000006
76.2,64.05
78.2,66.0
80.0,67.6
81.2,68.85
82.1,69.55
82.1,69.75
81.5,69.5
80.6,68.85
78.8,67.5
76.0,65.2
73.3,61.8
71.2,59.7
69.7,58.150000000000006
68.6,56.9
67.7,55.849999999999994
66.9,54.7
66.2,53.9
65.4,53.2
64.9,52.7
64.4,52.4
64.9,54.1
67.6,56.9
71.0,59.8
74.0,62.25
76.6,64.65
78.7,66.7
80.3,68.2
81.6,69.45
82.4,70.1
82.2,70.4
81.8,70.3
80.8,69.5
79.0,68.15
76.3,65.8
73.6,62.5
71.5,60.25
70.1,58.75
69.1,57.5
68.1,56.3
67.4,55.25
66.5,54.45
65.9,53.8
65.4,53.2
64.9,52.9
65.4,54.8
68.2,57.55
71.4,60.4
74.4,62.95
77.0,65.25
79.0,67.2
80.7,68.8
82.0,70.0
82.7,70.7
82.5,70.9
82.0,70.7
81.0,70.05
79.4,68.7
76.6,66.15
73.9,62.9
71.9,60.8
70.5,59.2
69.4,57.9
68.5,56.6
67.7,55.5
66.9,54.8
66.3,54.2
65.8,53.6
65.3,53.4
65.8,55.2
68.6,58.1
71.8,61.0
74.7,63.55
77.4,65.85
79.5,67.8
81.2,69.3
82.4,70.5
83.1,71.25
82.8,71.45
82.3,71.2
81.3,70.5
79.7,69.1
77.0,66.6
74.3,63.45
72.4,61.1
71.0,59.7
69.9,58.3
69.0,56.9
68.2,55.9
67.4,55.150000000000006
66.7,54.6
66.2,53.95
65.5,53.8
66.3,55.650000000000006
69.0,58.55
72.2,61.5
75.3,64.0
77.9,66.4
79.9,68.4
81.7,69.8
82.9,70.9
83.3,71.75
83.2,71.95
82.6,71.6
81.6,70.9
80.2,69.4
77.5,67.05
74.7,63.8
72.8,61.5
71.5,60.1
70.4,58.6
69.4,57.3
68.6,56.3
67.8,55.55
67.2,54.95
66.6,54.3
66.0,54.1
66.7,56.150000000000006
69.3,58.9
72.7,62.0
75.7,64.5
78.4,66.8
80.5,68.85
82.1,70.3
83.3,71.4
83.7,72.1
83.4,72.35
82.9,72.05
81.9,71.3
80.4,69.9
77.8,67.5
75.0,64.2
73.2,61.9
71.9,60.4
70.8,58.95
69.8,57.7
69.1,56.8
68.3,56.0
67.6,55.3
67.0,54.75
66.5,54.5
67.0,56.6
69.7,59.349999999999994
73.1,62.4
76.1,65.0
78.7,67.3
80.8,69.3
82.5,70.8
83.6,71.8
83.9,72.5
83.8,72.8
83.3,72.45
82.3,71.7
80.8,70.3
78.2,68.0
75.5,64.55
73.6,62.25
72.2,60.8
71.3,59.4
70.3,58.1
69.5,57.2
68.6,56.3
68.1,55.7
67.5,55.2
66.9,54.9
67.5,57.0
70.3,59.75
73.5,62.8
76.5,65.4
79.0,67.75
81.1,69.75
82.8,71.1
83.9,72.35
84.2,72.95
84.2,73.35
83.6,72.95
82.6,72.2
81.1,70.8
78.5,68.5
75.8,65.1
74.0,62.5
72.6,61.1
71.5,59.7
70.6,58.5
69.8,57.45
69.0,56.650000000000006
68.3,56.0
67.7,55.5
67.3,55.25
67.9,57.3
70.6,60.2
73.9,63.2
76.9,65.8
79.3,68.15
81.5,70.1
83.1,71.6
84.2,72.7
84.5,73.6
84.5,73.65
83.8,73.45
82.9,72.8
81.4,71.3
78.8,68.9
76.2,65.45
74.4,63.0
73.0,61.45
71.8,60.1
70.9,58.95
70.2,57.9
69.4,57.1
68.7,56.4
68.2,55.9
67.7,55.8
68.3,57.7
71.0,60.45
74.3,63.6
77.3,66.25
79.8,68.4
82.0,70.5
83.5,72.1
84.5,73.2
84.6,73.85
84.6,74.25
84.1,74.0
83.1,73.2
81.6,71.8
79.0,69.3
76.4,66.0
74.6,63.55
73.2,61.9
72.1,60.5
71.1,59.3
70.4,58.3
69.7,57.4
69.1,56.75
68.5,56.2
67.9,56.150000000000006
68.6,58.1
71.3,60.9
74.6,63.9
77.7,66.6
80.2,68.9
82.2,71.0
83.8,72.55
84.7,73.6
84.9,74.4
84.8,74.55
84.3,74.3
83.3,73.5
81.8,72.0
79.2,69.7
76.7,66.4
75.0,63.9
73.5,62.2
72.4,60.8
71.4,59.6
70.6,58.55
69.9,57.55
69.3,56.9
68.7,56.4
68.1,56.4
68.7,58.3
71.5,61.3
75.0,64.3
77.9,67.0
80.4,69.4
82.5,71.5
84.0,73.0
84.9,74.1
85.0,74.8
85.0,74.95
84.5,74.8
83.6,73.8
82.0,72.55
79.5,70.1
76.9,66.7
75.2,64.25
73.8,62.5
72.6,61.150000000000006
71.7,59.9
70.8,58.9
70.1,57.8
69.5,57.0
68.9,56.5
68.3,56.650000000000006
68.9,58.55
71.7,61.6
75.2,64.6
78.2,67.25
80.6,69.7
82.7,71.85
84.3,73.45
85.0,74.6
85.3,75.3
85.1,75.3
84.8,75.0
83.9,74.1
82.3,72.7
79.7,70.4
77.1,67.0
75.4,64.5
74.1,62.8
72.9,61.3
72.0,60.150000000000006
71.0,59.1
70.3,58.1
69.7,57.349999999999994
69.0,56.849999999999994
68.6,56.9
69.2,58.9
72.1,61.849999999999994
75.4,64.8
78.4,67.45
80.9,70.0
83.0,72.1
84.5,73.8
85.2,74.85
85.5,75.5
85.4,75.5
85.0,75.15
84.1,74.45
82.5,72.9
80.0,70.6
77.3,67.15
75.6,64.8
74.3,63.0
73.1,61.6
72.1,60.4
71.2,59.5
70.5,58.25
69.8,57.5
69.2,57.0
68.7,57.1
69.5,58.9
72.3,62.0
75.7,64.8
78.6,67.65
81.2,70.15
83.2,72.25
84.6,73.8
85.4,75.0
85.7,75.6
85.6,75.65
85.3,75.3
84.2,74.5
82.7,73.0
80.1,70.7
77.5,67.4
75.8,64.9
74.6,63.150000000000006
73.4,61.8
72.3,60.55
71.5,59.7
70.7,58.55
69.9,57.7
69.3,57.1
68.9,57.25
69.7,59.1
72.6,62.2
76.0,65.0
78.8,67.8
81.5,70.3
83.5,72.3
84.8,74.0
85.6,75.1
85.9,75.7
85.9,75.9
85.4,75.55
84.3,74.65
82.8,73.2
80.3,70.9
77.6,67.6
75.9,65.1
74.7,63.4
73.6,62.0
72.4,60.9
71.6,59.8
70.9,58.9
70.1,57.849999999999994
69.5,57.3
69.1,57.349999999999994
69.9,59.3
72.7,62.349999999999994
76.1,65.2
79.1,67.95
81.7,70.4
83.7,72.4
85.0,74.1
85.8,75.1
86.0,75.75
86.1,76.05
85.5,75.65
84.4,74.8
82.9,73.3
80.4,71.1
77.8,67.75
76.1,65.25
74.9,63.55
73.7,62.2
72.6,60.9
71.8,59.75
71.0,58.849999999999994
70.3,58.0
69.7,57.55
69.3,57.55
70.1,59.4
72.9,62.4
76.3,65.4
79.3,68.05
81.9,70.6
83.9,72.5
85.1,73.95
85.9,75.1
86.2,75.9
86.3,76.15
85.7,75.7
84.6,75.0
83.1,73.5
80.6,71.25
77.9,67.8
76.2,65.4
75.0,63.6
73.9,62.4
72.9,61.2
72.0,59.9
71.2,58.9
70.5,58.2
69.9,57.7
69.4,57.5
70.2,59.4
73.0,62.5
76.4,65.5
79.5,68.1
82.1,70.45
84.1,72.4
85.2,74.0
86.1,75.15
86.4,75.85
86.4,76.35
85.9,75.95
84.8,75.2
83.4,73.65
80.7,71.2
78.0,67.85
76.4,65.45
75.2,63.6
74.1,62.3
73.1,61.150000000000006
72.2,60.0
71.5,59.150000000000006
70.7,58.2
70.2,57.7
69.7,57.5
70.4,59.5
73.3,62.6
76.6,65.6
79.7,68.3
82.2,70.55
84.2,72.6
85.4,74.1
86.2,75.2
86.5,76.1
86.5,76.35
85.9,76.2
85.0,75.4
83.5,73.9
80.8,71.4
78.2,68.2
76.6,65.65
75.4,63.75
74.3,62.5
73.4,61.349999999999994
72.4,60.2
71.6,59.3
71.0,58.55
70.3,57.9
69.9,57.8
70.5,59.6
73.4,62.7
76.6,65.9
79.9,68.55
82.5,70.7
84.4,72.6
85.6,74.3
86.4,75.35
86.8,76.2
86.7,76.5
86.1,76.3
85.2,75.5
83.7,74.0
81.1,71.6
78.3,68.3
76.8,65.8
75.7,64.05
74.5,62.650000000000006
73.6,61.5
72.7,60.45
71.8,59.6
71.2,58.849999999999994
70.6,58.25
70.1,58.05
70.8,59.95
73.6,63.0
76.9,66.15
80.0,68.85
82.7,71.15
84.6,72.9
85.8,74.4
86.6,75.5
87.0,76.35
87.0,76.65
86.4,76.6
85.3,75.7
83.8,74.3
81.2,72.0
78.5,68.65
77.0,66.1
75.9,64.35
74.7,62.849999999999994
73.7,61.7
72.9,60.7
72.0,59.9
71.5,59.150000000000006
70.8,58.5
70.4,58.4
71.0,60.2
73.8,63.3
77.0,66.35
80.2,69.1
82.8,71.4
84.8,73.3
85.9,74.75
86.7,75.8
87.1,76.6
87.1,76.9
86.4,76.7
85.4,75.9
83.9,74.6
81.3,72.25
78.6,68.9
77.0,66.35
76.0,64.5
74.8,63.1
73.8,62.05
73.0,61.1
72.2,60.349999999999994
71.5,59.4
70.9,58.8
70.5,58.75
71.2,60.6
74.1,63.7
77.2,66.6
80.4,69.2
83.0,71.6
85.0,73.5
86.1,75.05
86.9,76.1
87.2,76.8
87.2,77.2
86.6,76.95
85.6,76.2
84.1,74.9
81.5,72.35
78.7,69.15
77.1,66.7
76.0,64.7
74.9,63.3
74.0,62.3
73.1,61.4
72.4,60.55
71.6,59.650000000000006
71.1,59.05
70.6,59.05
71.4,60.9
74.2,64.0
77.4,66.9
80.5,69.5
83.1,71.9
85.1,73.7
86.3,75.4
87.1,76.4
87.5,77.05
87.5,77.7
86.9,77.35
85.9,76.45
84.3,75.15
81.7,72.7
79.0,69.5
77.3,66.95
76.2,65.0
75.0,63.7
74.1,62.75
73.2,61.7
72.6,60.9
71.9,59.95
71.2,59.45
70.8,59.25
71.6,61.3
74.4,64.3
77.6,67.2
80.7,69.8
83.3,72.15
85.4,74.0
86.6,75.65
87.3,76.75
87.7,77.4
87.7,77.9
87.1,77.6
86.0,76.80000000000001
84.5,75.4
81.8,73.05
79.3,69.8
77.6,67.30000000000001
76.5,65.5
75.3,64.1
74.3,63.150000000000006
73.4,62.05
72.7,61.349999999999994
72.1,60.45
71.4,59.849999999999994
71.0,59.7
71.7,61.650000000000006
74.6,64.6
77.8,67.5
80.9,70.15
83.5,72.5
85.5,74.3
86.8,75.85
87.6,77.0
87.9,77.75
88.0,78.0
87.4,77.9
86.3,77.05
84.6,75.6
82.0,73.4
79.5,70.0
77.8,67.55
76.6,65.8
75.6,64.4
74.6,63.4
73.6,62.3
72.9,61.55
72.4,60.8
71.7,60.2
71.3,59.95
72.0,61.849999999999994
74.9,64.9
78.0,67.7
81.0,70.4
83.6,72.6
85.7,74.5
87.1,76.05
87.8,77.15
88.2,77.95
88.1,78.3
87.4,78.0
86.3,77.35
84.7,75.75
82.1,73.6
79.5,70.2
77.9,67.8
76.8,66.0
75.8,64.7
74.7,63.650000000000006
73.8,62.55
73.1,61.8
72.5,61.1
71.8,60.45
71.5,60.349999999999994
72.1,62.150000000000006
75.0,65.2
78.2,68.1
81.2,70.7
83.7,72.9
85.8,74.8
87.1,76.3
87.9,77.4
88.2,78.25
88.2,78.45
87.6,78.35
86.5,77.6
84.8,76.1
82.2,73.9
79.7,70.45
78.0,68.05
76.8,66.35
76.0,64.95
74.9,63.849999999999994
74.0,62.8
73.2,61.95
72.6,61.349999999999994
72.0,60.7
71.6,60.5
72.3,62.3
75.2,65.4
78.3,68.3
81.3,70.95
83.9,73.2
86.0,75.15
87.3,76.6
88.0,77.75
88.4,78.5
88.3,78.85
87.7,78.7
86.5,77.9
84.8,76.4
82.3,74.1
79.8,70.7
78.2,68.3
77.1,66.6
76.1,65.2
75.0,64.0
74.1,63.1
73.3,62.150000000000006
72.7,61.5
72.2,60.849999999999994
71.8,60.7
72.4,62.55
75.3,65.6
78.5,68.7
81.4,71.25
84.0,73.65
86.1,75.5
87.3,77.0
88.1,78.15
88.5,78.85
88.3,79.25
87.7,79.05
86.7,78.25
84.9,76.8
82.3,74.4
79.9,70.9
78.3,68.5
77.2,67.0
76.2,65.45
75.1,64.3
74.2,63.3
73.5,62.349999999999994
72.9,61.8
72.3,61.1
71.9,60.95
72.4,62.8
75.4,65.9
78.6,68.95
81.5,71.65
84.2,74.0
86.2,75.8
87.5,77.4
88.3,78.5
88.6,79.25
88.5,79.6
87.8,79.3
86.8,78.6
85.1,77.1
82.5,74.7
80.0,71.3
78.4,68.8
77.4,67.3
76.4,65.75
75.2,64.7
74.4,63.5
73.5,62.7
73.0,62.05
72.4,61.45
72.0,61.2
72.6,63.1
75.6,66.15
78.8,69.3
81.6,72.1
84.3,74.4
86.4,76.25
87.6,77.75
88.4,78.9
88.7,79.7
88.6,79.9
87.9,79.65
86.8,78.95
85.2,77.5
82.5,75.1
80.1,71.6
78.6,69.05
77.5,67.6
76.5,66.15
75.4,65.0
74.5,63.9
73.7,63.05
73.1,62.4
72.6,61.75
72.1,61.55
72.7,63.349999999999994
75.7,66.6
78.9,69.6
81.7,72.4
84.3,74.75
86.4,76.6
87.7,78.25
88.5,79.4
88.9,80.0
88.6,80.15
88.0,79.95
86.9,79.2
85.2,77.9
82.6,75.45
80.1,71.95
78.6,69.35
77.6,67.85
76.5,66.5
75.5,65.2
74.6,64.1
73.8,63.4
73.2,62.7
72.7,62.1
72.3,61.849999999999994
72.9,63.5
75.8,66.9
79.0,69.85
81.7,72.6
84.4,75.0
86.4,76.85
87.7,78.5
88.6,79.5
88.9,80.15
88.7,80.35
88.0,80.2
86.9,79.35
85.3,78.0
82.7,75.6
80.1,72.1
78.7,69.6
77.5,67.9
76.6,66.55
75.6,65.3
74.8,64.3
73.9,63.5
73.2,62.849999999999994
72.8,62.25
72.3,62.1
73.0,63.7
76.0,66.95
79.0,70.0
81.8,72.8
84.4,75.15
86.4,77.1
87.8,78.65
88.6,79.7
88.9,80.3
88.8,80.55
88.1,80.5
86.8,79.6
85.3,78.0
82.8,75.8
80.2,72.4
78.6,69.9
77.7,68.15
76.6,66.7
75.6,65.4
74.9,64.4
73.9,63.7
73.3,63.0
72.8,62.4
72.4,62.3
72.9,63.8
75.9,67.0
79.0,70.15
81.9,72.95
84.5,75.3
86.5,77.3
87.8,78.9
88.7,79.85
89.0,80.5
88.9,80.8
88.1,80.55
86.9,79.75
85.4,78.3
82.8,76.0
80.2,72.5
78.7,69.9
77.7,68.25
76.8,66.9
75.7,65.7
74.9,64.6
74.0,63.8
73.3,63.05
72.8,62.5
72.4,62.3
73.0,63.9
75.9,67.0
79.1,70.25
81.9,73.2
84.6,75.55
86.6,77.5
87.9,79.0
88.8,80.0
89.1,80.7
89.0,80.9
88.1,80.6
86.9,79.9
85.4,78.5
82.9,76.2
80.3,72.80000000000001
78.8,70.1
77.7,68.4
76.8,67.05
75.6,65.9
74.9,64.8
74.0,64.0
73.3,63.25
72.8,62.7
72.4,62.5
73.1,64.0
75.9,67.2
79.1,70.5
82.0,73.4
84.6,75.9
86.7,77.7
87.9,79.2
88.8,80.2
89.0,80.85
89.0,81.05
88.1,80.8
86.9,80.1
85.4,78.7
83.0,76.4
80.3,73.0
78.9,70.3
77.7,68.6
76.8,67.2
75.7,66.1
74.9,65.0
74.1,64.2
73.4,63.5
72.9,62.849999999999994
72.5,62.7
73.1,64.2
76.0,67.5
79.1,70.75
82.0,73.5
84.6,76.0
86.7,77.9
87.9,79.4
88.8,80.4
89.0,81.15
88.9,81.4
88.0,81.0
86.9,80.3
85.3,78.9
82.9,76.7
80.3,73.3
78.9,70.5
77.7,68.8
76.8,67.4
75.7,66.45
74.8,65.25
74.2,64.4
73.4,63.650000000000006
73.0,63.05
72.5,62.8
73.2,64.3
75.9,67.75
79.0,70.95
82.0,73.8
84.6,76.3
86.6,78.2
87.9,79.7
88.7,80.65
88.9,81.4
88.9,81.6
87.9,81.3
86.8,80.55
85.2,79.2
82.8,76.9
80.2,73.5
78.8,70.7
77.7,69.1
76.8,67.7
75.8,66.65
74.9,65.6
74.2,64.6
73.5,63.849999999999994
73.0,63.3
72.5,63.0
73.2,64.5
75.9,68.0
79.0,71.2
82.0,74.0
84.5,76.5
86.5,78.5
87.9,80.0
88.6,81.0
88.9,81.6
88.7,81.85
87.9,81.6
86.7,80.75
85.2,79.4
82.8,77.15
80.2,73.65
78.8,70.95
77.7,69.2
76.7,67.8
75.8,66.9
74.9,65.7
74.2,64.85
73.6,64.15
73.0,63.55
72.6,63.2
73.2,64.6
75.9,68.2
79.0,71.4
82.0,74.25
84.5,76.7
86.5,78.8
87.8,80.2
88.6,81.3
88.9,82.0
88.7,82.2
88.0,81.9
86.8,81.0
85.2,79.6
82.8,77.4
80.3,73.8
78.9,71.1
77.7,69.4
76.8,68.05
75.8,67.1
75.0,66.0
74.3,65.0
73.7,64.3
73.1,63.7
72.7,63.3
73.3,64.7
75.9,68.35
79.0,71.6
82.0,74.4
84.5,76.95
86.5,79.0
87.9,80.4
88.6,81.5
88.9,82.2
88.7,82.35
88.0,82.1
86.8,81.3
85.2,79.9
82.9,77.5
80.3,73.95
78.9,71.3
77.8,69.6
76.8,68.2
75.9,67.2
75.2,66.2
74.3,65.25
73.8,64.45
73.2,63.849999999999994
72.8,63.5
73.3,64.9
76.1,68.4
79.1,71.75
82.0,74.6
84.5,77.2
86.5,79.2
87.9,80.6
88.6,81.7
88.8,82.45
88.8,82.5
87.9,82.3
86.8,81.45
85.2,80.1
82.9,77.8
80.3,74.0
78.9,71.4
77.9,69.7
76.9,68.4
76.0,67.3
75.2,66.3
74.4,65.3
73.9,64.7
73.4,64.0
72.9,63.650000000000006
73.4,65.0
76.1,68.6
79.1,71.9
82.1,74.8
84.6,77.3
86.6,79.4
87.9,80.8
88.6,81.9
88.9,82.6
88.8,82.7
88.1,82.4
86.9,81.6
85.2,80.1
82.9,77.8
80.4,74.3
78.9,71.5
78.0,69.9
77.0,68.5
76.1,67.4
75.2,66.5
74.5,65.5
74.0,64.8
73.5,64.15
73.0,63.8
73.4,65.0
76.1,68.6
79.2,71.9
82.1,74.9
84.7,77.45
86.6,79.5
87.9,80.9
88.7,82.1
88.9,82.7
88.9,82.85
88.1,82.5
86.9,81.7
85.2,80.2
83.0,77.9
80.5,74.35
79.0,71.6
78.0,70.0
77.1,68.7
76.1,67.5
75.3,66.6
74.6,65.7
74.0,64.95
73.5,64.2
73.1,63.849999999999994
73.5,65.1
76.2,68.7
79.2,72.0
82.1,75.0
84.8,77.5
86.7,79.5
87.9,81.1
88.7,82.15
89.0,82.8
88.9,82.95
88.2,82.7
86.9,81.8
85.3,80.3
83.1,77.9
80.6,74.4
79.1,71.8
78.1,70.15
77.1,68.8
76.2,67.6
75.4,66.65
74.8,65.8
74.2,65.0
73.6,64.3
73.2,63.9
73.7,65.3
76.3,68.8
79.3,72.1
82.1,75.0
84.8,77.6
86.8,79.65
88.0,81.15
88.7,82.2
89.0,82.9
88.8,83.05
88.1,82.8
87.0,82.0
85.2,80.4
83.1,78.0
80.6,74.5
79.2,71.8
78.1,70.2
77.3,68.9
76.3,67.7
75.5,66.85
75.0,65.9
74.2,65.2
73.7,64.5
73.3,64.1
73.8,65.4
76.3,68.8
79.3,72.1
82.1,75.2
84.8,77.8
86.8,79.8
87.9,81.35
88.7,82.4
89.0,83.1
88.7,83.2
88.1,82.9
86.9,82.1
85.2,80.6
83.0,78.25
80.6,74.7
79.2,72.0
78.2,70.4
77.4,69.1
76.3,67.9
75.5,67.1
75.0,66.05
74.3,65.4
73.7,64.75
73.4,64.3
73.9,65.6
76.4,68.95
79.4,72.3
82.2,75.4
84.8,78.0
86.8,80.0
87.9,81.5
88.7,82.55
88.8,83.3
88.7,83.4
88.1,83.15
86.9,82.4
85.1,80.8
83.0,78.4
80.6,74.9
79.2,72.3
78.3,70.6
77.4,69.3
76.4,68.15
75.6,67.25
75.0,66.3
74.4,65.6
73.9,64.95
73.4,64.5
74.0,65.8
76.5,69.15
79.5,72.6
82.3,75.6
84.9,78.2
86.9,80.2
87.9,81.8
88.7,82.8
88.8,83.5
88.7,83.6
88.1,83.3
86.8,82.5
85.2,81.05
83.0,78.65
80.6,75.2
79.3,72.5
78.3,70.8
77.4,69.55
76.5,68.45
75.6,67.5
75.0,66.6
74.5,65.9
74.0,65.2
73.5,64.7
74.0,66.0
76.6,69.4
79.6,72.8
82.4,75.8
84.8,78.4
86.9,80.4
88.0,82.0
88.7,83.0
88.9,83.65
88.8,83.8
88.0,83.5
86.8,82.8
85.3,81.25
83.0,78.9
80.6,75.35
79.3,72.7
78.3,71.0
77.4,69.7
76.5,68.6
75.7,67.75
75.1,66.8
74.6,66.0
74.1,65.4
73.5,64.9
74.1,66.1
76.6,69.45
79.8,72.95
82.6,76.0
85.0,78.6
87.0,80.6
88.1,82.15
88.8,83.15
89.0,83.85
88.9,84.0
88.1,83.7
86.9,83.0
85.4,81.4
83.1,79.0
80.7,75.4
79.4,72.8
78.5,71.2
77.5,69.8
76.6,68.8
75.9,67.85
75.1,66.95
74.6,66.15
74.1,65.5
73.6,65.05
74.2,66.2
76.7,69.55
79.8,73.0
82.7,76.0
85.3,78.6
87.1,80.6
88.2,82.2
89.0,83.2
89.2,83.85
89.0,84.05
88.4,83.8
87.0,83.0
85.5,81.4
83.2,79.0
80.8,75.4
79.5,72.8
78.6,71.15
77.6,69.9
76.8,68.8
76.0,68.0
75.2,67.0
74.7,66.2
74.3,65.6
73.8,65.1
74.2,66.2
76.8,69.6
79.9,72.9
82.9,76.0
85.4,78.6
87.2,80.6
88.3,82.1
89.1,83.25
89.4,83.85
89.2,84.05
88.6,83.8
87.2,82.9
85.6,81.35
83.3,79.0
80.9,75.4
79.6,72.8
78.6,71.2
77.7,69.9
76.9,68.9
76.1,68.0
75.4,67.1
74.8,66.35
74.3,65.75
73.9,65.15
74.3,66.3
76.9,69.65
80.0,72.95
82.9,76.0
85.5,78.5
87.3,80.55
88.4,82.05
89.2,83.25
89.5,84.0
89.2,84.1
88.6,83.75
87.3,82.85
85.6,81.4
83.3,79.0
80.9,75.45
79.6,72.9
78.7,71.3
77.7,70.0
76.8,68.9
76.0,68.1
75.3,67.2
74.8,66.45
74.3,65.8
73.9,65.2
74.3,66.4
76.9,69.6
80.0,72.9
82.9,76.0
85.5,78.55
87.3,80.5
88.4,82.1
89.1,83.2
89.5,83.95
89.1,84.2
88.5,83.8
87.1,82.9
85.6,81.5
83.2,78.9
80.9,75.5
79.5,72.9
78.7,71.3
77.7,70.0
76.9,69.0
76.0,68.1
75.3,67.2
74.8,66.55
74.3,65.8
73.8,65.30000000000001
74.3,66.5
76.9,69.6
80.0,72.9
82.9,76.0
85.5,78.55
87.3,80.6
88.3,82.1
89.1,83.2
89.5,83.95
89.1,84.15
88.5,83.8
87.1,82.9
85.6,81.4
83.3,78.9
80.9,75.4
79.5,72.9
78.6,71.2
77.7,70.0
76.9,69.0
76.0,68.0
75.4,67.2
74.7,66.5
74.3,65.85
73.9,65.4
74.2,66.4
76.9,69.5
80.0,72.9
82.9,76.0
85.5,78.45
87.3,80.5
88.3,82.0
89.1,83.2
89.4,83.9
89.2,84.1
88.5,83.7
87.2,82.8
85.6,81.3
83.3,78.9
80.9,75.45
79.6,72.95
78.6,71.25
77.8,70.05
76.9,69.0
76.0,68.1
75.3,67.2
74.8,66.55
74.3,65.85
73.8,65.4
74.2,66.4
76.9,69.5
80.0,72.9
82.9,76.0
85.5,78.5
87.3,80.55
88.3,82.1
89.1,83.3
89.3,83.9
89.2,84.15
88.5,83.7
87.2,82.85
85.7,81.25
83.3,78.9
80.9,75.4
79.6,72.9
78.6,71.3
77.8,70.05
76.9,69.0
76.0,68.2
75.3,67.3
74.8,66.6
74.3,65.95
73.8,65.4
74.2,66.5
76.8,69.5
80.0,72.9
82.9,76.0
85.5,78.5
87.3,80.55
88.4,82.1
89.1,83.3
89.4,83.95
89.1,84.1
88.5,83.65
87.2,82.9
85.6,81.3
83.3,78.75
80.9,75.4
79.6,72.9
78.6,71.3
77.8,70.0
76.9,69.0
76.0,68.15
75.3,67.4
74.8,66.7
74.3,65.9
73.8,65.5
74.1,66.5
76.8,69.5
79.9,72.8
82.9,76.0
85.4,78.5
87.3,80.5
88.4,82.1
89.1,83.2
89.5,83.9
89.1,84.0
88.5,83.65
87.3,82.8
85.6,81.25
83.3,78.7
80.9,75.35
79.6,72.9
78.7,71.3
77.8,70.1
76.9,69.0
76.0,68.2
75.4,67.4
74.8,66.6
74.4,66.0
73.9,65.4
74.1,66.4
76.8,69.4
79.9,72.8
82.9,75.9
85.4,78.5
87.3,80.5
88.4,82.15
89.1,83.2
89.5,83.8
89.2,83.85
88.5,83.6
87.2,82.8
85.6,81.2
83.3,78.6
81.0,75.1
79.6,72.8
78.7,71.2
77.8,70.1
76.9,69.0
76.0,68.2
75.3,67.3
74.9,66.6
74.4,65.95
73.9,65.4
74.1,66.3
76.8,69.3
79.8,72.7
82.8,75.8
85.4,78.4
87.4,80.45
88.4,82.0
89.2,83.1
89.5,83.7
89.2,83.75
88.6,83.55
87.3,82.7
85.7,81.1
83.3,78.5
80.9,75.1
79.6,72.7
78.8,71.2
77.8,70.0
76.9,68.9
76.0,68.1
75.4,67.25
74.9,66.5
74.3,65.85
73.9,65.3
74.1,66.2
76.7,69.3
79.9,72.7
82.8,75.7
85.4,78.3
87.3,80.4
88.4,82.0
89.3,83.05
89.6,83.6
89.2,83.7
88.4,83.4
87.2,82.6
85.5,81.1
83.3,78.4
80.8,75.0
79.6,72.65
78.7,71.1
77.8,69.9
76.9,68.75
76.0,68.0
75.4,67.2
74.8,66.4
74.3,65.8
74.0,65.2
74.1,66.0
76.7,69.2
79.8,72.5
82.8,75.6
85.4,78.2
87.3,80.3
88.4,81.85
89.3,82.95
89.5,83.4
89.2,83.6
88.5,83.35
87.3,82.5
85.5,80.9
83.3,78.2
80.8,74.9
79.6,72.55
78.7,71.05
77.7,69.7
76.9,68.65
76.0,67.8
75.4,67.0
74.9,66.3
74.4,65.6
74.0,65.0
74.1,65.9
76.7,69.0
79.8,72.4
82.7,75.5
85.4,78.1
87.4,80.35
88.4,81.75
89.3,82.85
89.5,83.4
89.3,83.5
88.5,83.2
87.4,82.3
85.6,80.8
83.3,78.2
80.8,74.8
79.5,72.4
78.7,70.9
77.8,69.5
76.9,68.6
76.0,67.7
75.3,67.0
74.9,66.1
74.4,65.5
74.0,64.85
74.0,65.7
76.6,68.9
79.8,72.2
82.7,75.4
85.3,78.0
87.4,80.15
88.5,81.6
89.3,82.7
89.5,83.2
89.2,83.4
88.6,83.0
87.4,82.2
85.8,80.7
83.3,78.0
80.9,74.6
79.7,72.3
78.7,70.8
77.8,69.4
76.9,68.4
76.0,67.6
75.4,66.75
74.8,66.0
74.4,65.3
74.0,64.7
74.0,65.5
76.6,68.7
79.8,72.0
82.6,75.25
85.3,77.9
87.3,80.1
88.5,81.55
89.3,82.6
89.6,83.1
89.2,83.3
88.5,82.9
87.5,82.1
85.7,80.6
83.3,78.0
80.9,74.45
79.7,72.1
78.7,70.6
77.8,69.3
76.9,68.3
76.1,67.4
75.4,66.6
74.8,65.85
74.4,65.1
74.0,64.6
74.0,65.35
76.5,68.5
79.7,71.9
82.6,75.1
85.3,77.8
87.3,80.0
88.5,81.4
89.3,82.6
89.6,83.0
89.2,83.2
88.5,82.8
87.4,82.0
85.7,80.4
83.2,77.8
80.9,74.4
79.7,72.0
78.7,70.45
77.7,69.2
76.8,68.2
76.0,67.3
75.4,66.5
74.9,65.7
74.5,65.0
74.0,64.5
74.0,65.15
76.4,68.4
79.7,71.7
82.6,74.9
85.3,77.65
87.4,79.8
88.5,81.3
89.4,82.4
89.6,82.85
89.2,83.05
88.5,82.65
87.4,81.9
85.7,80.3
83.2,77.6
80.9,74.2
79.8,71.8
78.8,70.3
77.9,68.95
76.9,68.0
76.0,67.1
75.4,66.3
74.9,65.5
74.5,64.9
74.0,64.3
74.1,65.0
76.5,68.2
79.7,71.6
82.7,74.85
85.4,77.6
87.4,79.75
88.7,81.3
89.4,82.3
89.6,82.8
89.3,82.95
88.5,82.6
87.4,81.85
85.8,80.2
83.2,77.5
81.0,74.0
79.8,71.8
78.8,70.15
77.8,68.9
77.0,67.9
76.1,67.05
75.5,66.2
75.0,65.4
74.5,64.8
74.1,64.2
74.1,64.9
76.5,68.0
79.8,71.4
82.8,74.7
85.4,77.5
87.5,79.7
88.8,81.2
89.4,82.3
89.7,82.8
89.5,83.0
88.6,82.6
87.5,81.75
85.9,80.2
83.3,77.45
81.0,74.0
79.8,71.65
78.8,70.0
77.9,68.9
77.0,67.85
76.1,67.05
75.5,66.1
75.0,65.3
74.6,64.7
74.2,64.25
74.2,64.9
76.6,67.95
79.8,71.35
82.8,74.6
85.4,77.5
87.5,79.7
88.8,81.2
89.4,82.3
89.8,82.85
89.4,83.05
88.6,82.65
87.5,81.8
85.9,80.15
83.3,77.4
80.9,73.9
79.8,71.6
78.8,70.05
77.9,68.8
77.0,67.85
76.2,66.95
75.7,66.0
75.0,65.3
74.6,64.6
74.2,64.15
74.2,64.7
76.6,67.8
79.7,71.2
82.8,74.5
85.5,77.35
87.5,79.6
88.8,81.2
89.5,82.2
89.8,82.7
89.5,82.85
88.7,82.5
87.5,81.7
85.8,80.0
83.3,77.2
81.0,73.8
79.8,71.5
78.8,69.9
77.9,68.7
77.0,67.7
76.2,66.75
75.6,65.9
75.1,65.2
74.6,64.5
74.2,64.0
74.2,64.5
76.6,67.6
79.7,71.1
82.8,74.4
85.5,77.3
87.5,79.5
88.8,81.1
89.5,82.0
89.8,82.6
89.4,82.8
88.7,82.5
87.6,81.65
85.8,79.9
83.2,77.1
81.0,73.6
79.8,71.4
78.7,69.8
77.9,68.5
76.9,67.5
76.2,66.6
75.6,65.8
75.1,65.0
74.6,64.4
74.2,63.9
74.2,64.4
76.6,67.45
79.7,71.0
82.8,74.35
85.6,77.2
87.6,79.4
88.7,80.95
89.5,81.9
89.8,82.5
89.3,82.7
88.6,82.3
87.6,81.5
85.7,79.8
83.2,76.95
81.0,73.5
79.7,71.3
78.6,69.7
77.9,68.4
76.9,67.45
76.1,66.5
75.5,65.7
75.0,64.9
74.5,64.3
74.2,63.849999999999994
74.1,64.3
76.4,67.4
79.6,70.8
82.7,74.3
85.5,77.1
87.5,79.3
88.7,80.85
89.4,81.85
89.7,82.4
89.4,82.65
88.7,82.25
87.5,81.4
85.7,79.65
83.1,76.8
80.9,73.35
79.6,71.1
78.7,69.6
77.9,68.3
76.8,67.3
76.1,66.3
75.4,65.55
75.0,64.85
74.5,64.2
74.1,63.7
74.0,64.2
76.3,67.2
79.5,70.7
82.6,74.0
85.4,76.9
87.5,79.2
88.7,80.7
89.4,81.7
89.8,82.35
89.3,82.5
88.6,82.05
87.5,81.25
85.6,79.45
83.0,76.6
80.9,73.15
79.6,71.0
78.6,69.4
77.9,68.1
76.8,67.2
76.0,66.2
75.3,65.4
74.9,64.7
74.4,64.05
74.0,63.55
73.9,64.05
76.2,67.05
79.4,70.5
82.5,73.85
85.3,76.75
87.4,79.0
88.7,80.5
89.4,81.55
89.8,82.1
89.3,82.4
88.8,81.9
87.7,81.05
85.7,79.3
83.0,76.35
80.9,73.0
79.5,70.8
78.6,69.2
77.8,68.0
76.8,67.1
76.0,66.1
75.3,65.3
74.9,64.6
74.4,63.9
73.9,63.4
73.9,63.849999999999994
76.2,66.8
79.4,70.3
82.5,73.65
85.3,76.5
87.4,78.8
88.7,80.3
89.4,81.3
89.8,81.9
89.3,82.2
88.7,81.85
87.6,80.95
85.7,79.25
83.0,76.2
80.8,72.8
79.4,70.65
78.6,69.1
77.7,67.9
76.6,66.95
75.9,65.95
75.3,65.2
74.8,64.4
74.3,63.75
73.9,63.3
73.9,63.7
76.1,66.6
79.4,70.1
82.4,73.5
85.2,76.35
87.4,78.6
88.6,80.2
89.3,81.2
89.7,81.8
89.3,82.05
88.6,81.9
87.5,80.8
85.6,79.1
82.9,76.0
80.8,72.6
79.4,70.4
78.6,68.9
77.5,67.8
76.6,66.8
75.9,65.8
75.3,65.0
74.8,64.3
74.2,63.650000000000006
73.9,63.150000000000006
73.9,63.55
76.0,66.45
79.2,69.9
82.3,73.3
85.1,76.2
87.3,78.45
88.5,80.0
89.3,81.1
89.6,81.7
89.2,82.0
88.4,81.75
87.3,80.75
85.4,78.95
82.8,75.80000000000001
80.7,72.4
79.3,70.25
78.5,68.8
77.4,67.6
76.6,66.55
75.8,65.65
75.2,64.9
74.7,64.15
74.2,63.5
73.9,63.0
73.8,63.4
75.8,66.3
79.0,69.7
82.1,73.2
84.9,76.1
87.0,78.3
88.4,79.9
89.0,81.0
89.4,81.65
88.9,81.85
88.2,81.6
87.1,80.7
85.3,78.8
82.6,75.6
80.6,72.25
79.3,70.1
78.4,68.7
77.3,67.6
76.4,66.4
75.7,65.5
75.1,64.7
74.7,64.0
74.1,63.4
73.8,62.9
73.7,63.25
75.7,66.1
79.0,69.6
82.0,73.0
84.8,75.9
86.9,78.2
88.3,79.85
88.9,80.9
89.3,81.5
88.8,81.8
88.2,81.5
87.0,80.5
85.1,78.7
82.5,75.5
80.4,72.1
79.3,69.9
78.3,68.6
77.2,67.45
76.3,66.3
75.7,65.4
75.1,64.6
74.5,63.95
74.0,63.3
73.7,62.849999999999994
73.6,63.150000000000006
75.6,65.9
78.8,69.5
81.9,72.9
84.7,75.9
86.9,78.2
88.1,79.85
88.9,80.85
89.2,81.5
88.9,81.7
88.1,81.4
87.0,80.5
85.0,78.65
82.5,75.4
80.4,72.0
79.2,69.85
78.1,68.5
77.0,67.4
76.2,66.3
75.5,65.4
74.9,64.6
74.4,63.95
73.9,63.2
73.5,62.7
73.3,63.1
75.5,65.85
78.7,69.35
81.8,72.8
84.6,75.8
86.8,78.1
88.1,79.8
88.8,80.8
89.0,81.4
88.7,81.7
88.0,81.4
87.0,80.4
85.0,78.5
82.4,75.2
80.3,71.8
79.1,69.7
77.9,68.4
76.9,67.2
76.1,66.2
75.4,65.35
74.8,64.5
74.3,63.849999999999994
73.7,63.0
73.3,62.5
73.2,62.9
75.4,65.6
78.5,69.2
81.7,72.6
84.5,75.7
86.6,77.95
88.1,79.6
88.8,80.65
89.0,81.3
88.7,81.5
88.0,81.2
86.9,80.25
84.9,78.4
82.2,75.0
80.2,71.7
79.1,69.5
77.8,68.2
76.7,67.0
76.0,66.0
75.3,65.1
74.7,64.35
74.2,63.7
73.6,62.8
73.1,62.3
73.0,62.650000000000006
75.1,65.45
78.4,69.0
81.5,72.5
84.3,75.6
86.5,77.8
88.0,79.4
88.6,80.5
88.9,81.2
88.7,81.4
87.9,81.1
86.7,80.05
84.8,78.2
82.1,74.8
80.1,71.5
78.9,69.4
77.7,68.1
76.6,66.8
75.8,65.8
75.1,65.0
74.5,64.2
74.0,63.55
73.4,62.7
72.9,62.150000000000006
72.9,62.45
74.9,65.25
78.1,68.8
81.3,72.3
84.2,75.5
86.4,77.7
87.8,79.3
88.5,80.4
88.7,81.1
88.5,81.3
87.7,81.0
86.5,80.0
84.7,78.05
82.0,74.7
80.0,71.3
78.8,69.3
77.6,67.9
76.6,66.75
75.7,65.7
75.0,64.9
74.4,64.1
73.8,63.349999999999994
73.3,62.6
72.8,62.1
72.6,62.3
74.7,65.1
78.0,68.65
81.2,72.2
84.1,75.3
86.3,77.5
87.7,79.15
88.4,80.3
88.6,81.0
88.4,81.2
87.7,80.95
86.4,80.0
84.6,77.95
81.8,74.45
79.9,71.1
78.6,69.2
77.5,67.9
76.5,66.65
75.6,65.6
74.9,64.8
74.2,64.0
73.7,63.3
73.1,62.6
72.7,62.05
72.5,62.3
74.6,65.0
77.8,68.5
81.1,72.1
84.0,75.2
86.2,77.4
87.6,79.1
88.3,80.3
88.6,80.95
88.3,81.25
87.7,80.9
86.4,80.0
84.6,77.9
81.7,74.3
79.8,70.95
78.5,69.1
77.4,67.7
76.4,66.6
75.5,65.6
74.9,64.7
74.1,63.8
73.6,63.2
73.0,62.6
72.6,62.05
72.3,62.3
74.5,64.9
77.8,68.4
81.0,72.0
84.0,75.1
86.2,77.3
87.6,79.0
88.3,80.2
88.6,80.8
88.3,81.1
87.6,80.8
86.4,79.85
84.6,77.7
81.7,74.2
79.8,70.8
78.5,69.0
77.4,67.65
76.4,66.6
75.4,65.5
74.7,64.55
74.0,63.8
73.5,63.2
73.1,62.6
72.6,62.0
72.3,62.2
74.4,64.8
77.8,68.3
80.9,71.95
83.9,75.05
86.0,77.3
87.5,78.9
88.2,80.2
88.6,80.9
88.3,81.1
87.5,80.7
86.3,79.8
84.6,77.7
81.6,74.1
79.7,70.8
78.4,68.95
77.3,67.55
76.4,66.5
75.4,65.4
74.7,64.45
74.0,63.6
73.5,63.0
73.0,62.4
72.5,61.849999999999994
72.2,62.0
74.3,64.6
77.6,68.2
80.9,71.9
83.8,75.0
86.0,77.3
87.4,78.95
88.2,80.2
88.4,80.9
88.2,81.1
87.4,80.85
86.2,79.8
84.4,77.6
81.6,74.0
79.7,70.7
78.4,68.9
77.2,67.45
76.3,66.4
75.3,65.3
74.6,64.35
74.0,63.5
73.5,62.9
73.0,62.3
72.4,61.7
72.2,61.9
74.3,64.5
77.6,68.0
80.9,71.7
83.8,74.9
85.9,77.1
87.3,78.9
88.1,80.15
88.3,80.8
88.1,80.9
87.3,80.7
86.1,79.7
84.3,77.45
81.5,73.8
79.6,70.5
78.2,68.8
77.1,67.3
76.2,66.2
75.3,65.25
74.5,64.25
73.9,63.349999999999994
73.4,62.7
72.9,62.1
72.4,61.5
72.1,61.7
74.3,64.3
77.5,67.8
80.8,71.5
83.7,74.7
85.9,77.0
87.3,78.7
88.1,79.9
88.4,80.55
88.2,80.75
87.3,80.6
86.1,79.5
84.2,77.2
81.3,73.5
79.6,70.4
78.1,68.55
77.1,67.15
76.1,66.05
75.2,65.1
74.4,64.1
73.9,63.3
73.3,62.6
72.7,61.9
72.2,61.4
71.9,61.5
74.1,64.15
77.4,67.7
80.6,71.4
83.6,74.55
85.7,76.9
87.3,78.5
88.0,79.7
88.3,80.5
88.1,80.7
87.2,80.45
86.0,79.5
84.3,77.05
81.2,73.3
79.4,70.3
78.0,68.4
76.9,67.1
76.0,66.0
75.0,65.0
74.4,64.05
73.8,63.150000000000006
73.1,62.5
72.6,61.8
72.0,61.3
71.8,61.3
73.9,63.95
77.3,67.5
80.4,71.2
83.5,74.4
85.7,76.8
87.2,78.45
88.0,79.7
88.3,80.4
88.1,80.6
87.3,80.45
86.1,79.4
84.2,77.0
81.2,73.1
79.4,70.1
77.9,68.25
76.9,66.95
75.9,65.9
74.9,64.9
74.2,63.9
73.6,63.0
73.0,62.349999999999994
72.4,61.7
71.9,61.2
71.6,61.25
73.7,63.75
77.1,67.35
80.4,71.1
83.5,74.3
85.6,76.65
87.1,78.4
87.9,79.6
88.3,80.4
88.1,80.6
87.2,80.35
86.0,79.3
84.1,76.9
81.1,72.85
79.3,70.0
77.8,68.15
76.7,66.8
75.8,65.7
74.8,64.7
74.1,63.7
73.5,62.849999999999994
72.8,62.150000000000006
72.2,61.6
71.7,61.05
71.4,61.1
73.6,63.5
76.9,67.1
80.2,70.9
83.3,74.1
85.4,76.5
87.0,78.3
87.9,79.5
88.1,80.2
88.0,80.5
87.2,80.2
85.9,79.2
83.9,76.7
81.0,72.55
79.0,69.7
77.7,67.9
76.6,66.5
75.6,65.4
74.7,64.4
73.9,63.4
73.3,62.6
72.6,61.9
72.0,61.349999999999994
71.4,60.9
71.2,60.8
73.3,63.25
76.6,66.8
80.0,70.6
83.1,73.8
85.3,76.2
86.9,78.0
87.7,79.3
88.0,80.05
87.9,80.3
87.1,79.9
85.9,78.9
83.8,76.4
80.8,72.3
78.9,69.5
77.5,67.65
76.4,66.35
75.4,65.25
74.5,64.1
73.7,63.2
73.0,62.4
72.3,61.75
71.7,61.2
71.2,60.7
70.9,60.6
73.1,63.0
76.4,66.6
79.8,70.35
83.0,73.6
85.2,75.95
86.7,77.85
87.6,79.0
87.9,79.8
87.8,80.05
87.0,79.75
85.8,78.6
83.7,76.2
80.7,71.95
78.7,69.2
77.3,67.45
76.3,66.1
75.2,65.1
74.3,63.9
73.5,63.1
72.8,62.3
72.1,61.650000000000006
71.6,61.0
71.0,60.5
70.7,60.3
72.9,62.7
76.3,66.3
79.7,70.05
82.7,73.3
85.0,75.6
86.6,77.4
87.4,78.6
87.8,79.5
87.7,79.75
87.0,79.4
85.7,78.2
83.6,75.65
80.5,71.55
78.5,68.8
77.2,67.2
76.0,65.85
75.0,64.8
74.0,63.6
73.3,62.8
72.6,62.0
71.9,61.3
71.4,60.7
70.8,60.1
70.5,59.9
72.7,62.3
76.0,66.0
79.6,69.75
82.6,72.9
84.9,75.25
86.5,77.0
87.3,78.2
87.7,79.15
87.6,79.4
86.9,79.0
85.7,77.75
83.6,75.2
80.3,71.1
78.2,68.5
77.0,66.75
75.7,65.5
74.8,64.4
73.8,63.4
73.1,62.45
72.4,61.8
71.8,61.0
71.2,60.4
70.6,59.8
70.3,59.6
72.6,62.0
75.9,65.6
79.4,69.45
82.3,72.5
84.6,74.9
86.4,76.6
87.2,77.8
87.5,78.7
87.4,79.0
86.8,78.5
85.5,77.4
83.4,74.75
80.2,70.7
78.1,68.0
76.9,66.4
75.5,65.2
74.6,64.1
73.6,63.05
72.9,62.150000000000006
72.2,61.45
71.5,60.650000000000006
70.9,59.9
70.4,59.4
70.2,59.349999999999994
72.4,61.5
75.7,65.2
79.1,69.2
82.2,72.1
84.4,74.5
86.2,76.2
87.0,77.35
87.4,78.4
87.2,78.65
86.7,78.0
85.3,76.9
83.2,74.2
79.9,70.2
78.0,67.6
76.6,66.0
75.4,64.7
74.3,63.8
73.5,62.6
72.7,61.8
71.9,60.9
71.2,60.2
70.7,59.5
70.3,58.95
70.0,58.9
72.1,61.1
75.4,64.7
78.9,68.6
81.8,71.7
84.2,74.1
86.0,75.85
86.9,77.1
87.1,77.9
86.9,78.2
86.2,77.65
85.0,76.55
82.8,73.8
79.6,69.8
77.7,67.1
76.3,65.6
75.1,64.3
74.1,63.4
73.2,62.2
72.5,61.4
71.6,60.6
71.0,59.8
70.5,59.1
70.1,58.6
69.7,58.6
71.8,60.650000000000006
75.2,64.3
78.6,68.2
81.5,71.4
83.9,73.7
85.7,75.45
86.7,76.6
87.0,77.5
86.7,77.85
86.0,77.3
84.9,76.1
82.5,73.4
79.3,69.35
77.4,66.75
76.1,65.2
74.8,63.9
73.8,62.95
72.9,62.0
72.1,61.150000000000006
71.3,60.4
70.7,59.6
70.2,58.849999999999994
69.8,58.349999999999994
69.6,58.3
71.5,60.150000000000006
74.9,63.8
78.3,67.8
81.3,71.0
83.5,73.3
85.4,75.1
86.6,76.25
86.9,77.1
86.6,77.5
85.9,76.8
84.7,75.7
82.3,73.0
79.1,68.85
77.3,66.4
75.8,64.8
74.6,63.5
73.5,62.6
72.5,61.650000000000006
71.8,60.8
71.0,60.0
70.5,59.2
69.9,58.5
69.5,58.05
69.2,57.7
71.1,59.7
74.7,63.5
78.0,67.4
81.0,70.6
83.3,72.9
85.2,74.6
86.4,75.85
86.7,76.8
86.4,77.1
85.7,76.5
84.5,75.3
82.1,72.4
78.9,68.4
76.9,65.9
75.5,64.35
74.3,63.1
73.3,62.1
72.3,61.1
71.5,60.4
70.8,59.6
70.2,58.849999999999994
69.7,58.1
69.3,57.650000000000006
68.8,57.5
70.7,59.2
74.3,62.9
77.7,66.9
80.8,70.2
83.0,72.45
84.9,74.2
86.1,75.45
86.5,76.35
86.2,76.7
85.6,76.2
84.3,74.85
82.0,72.0
78.7,67.9
76.6,65.5
75.2,63.95
73.9,62.650000000000006
73.0,61.6
72.0,60.6
71.2,59.9
70.5,59.150000000000006
69.9,58.4
69.4,57.7
68.9,57.2
68.6,57.0
70.5,58.8
74.1,62.5
77.5,66.55
80.5,69.7
82.8,72.1
84.7,73.8
85.9,75.05
86.5,76.0
86.2,76.2
85.5,75.75
84.2,74.45
81.8,71.55
78.5,67.4
76.4,65.0
75.0,63.5
73.7,62.25
72.7,61.2
71.7,60.150000000000006
71.0,59.45
70.3,58.75
69.8,58.1
69.3,57.25
68.8,56.7
68.5,56.55
70.3,58.4
73.8,62.0
77.3,66.05
80.2,69.25
82.6,71.65
84.4,73.4
85.7,74.6
86.3,75.6
86.1,75.8
85.4,75.3
84.0,73.9
81.6,70.9
78.2,66.9
76.2,64.6
74.8,63.1
73.5,61.8
72.4,60.8
71.6,59.75
70.8,59.0
70.1,58.349999999999994
69.5,57.650000000000006
69.0,56.9
68.5,56.349999999999994
68.2,56.1
70.0,58.0
73.6,61.5
77.0,65.5
80.0,68.65
82.5,71.2
84.3,72.95
85.6,74.15
86.1,75.2
85.9,75.45
85.2,74.9
83.8,73.5
81.4,70.4
77.9,66.45
75.9,64.2
74.5,62.7
73.2,61.5
72.1,60.4
71.3,59.4
70.5,58.6
69.8,57.9
69.3,57.2
68.7,56.7
68.2,56.1
67.9,55.8
69.6,57.7
73.1,61.1
76.7,65.1
79.7,68.4
82.3,70.85
83.9,72.6
85.3,74.0
85.9,74.8
85.7,75.2
85.1,74.69999999999999
83.7,73.3
81.1,70.0
77.7,66.1
75.6,64.0
74.1,62.5
73.0,61.3
71.9,60.150000000000006
71.1,59.150000000000006
70.3,58.349999999999994
69.6,57.55
69.0,56.9
68.6,56.3
68.1,55.849999999999994
67.6,55.5
69.4,57.4
73.0,60.849999999999994
76.5,64.9
79.6,68.2
82.1,70.65
83.7,72.4
85.1,73.7
85.7,74.55
85.5,74.9
85.0,74.45
83.5,73.05
80.9,69.75
77.4,65.7
75.3,63.7
73.9,62.25
72.8,61.05
71.8,59.849999999999994
70.9,58.9
70.1,58.1
69.4,57.349999999999994
68.9,56.650000000000006
68.4,56.05
67.9,55.5
67.5,55.2
69.1,57.0
72.8,60.5
76.3,64.5
79.3,67.8
81.7,70.3
83.5,72.05
84.8,73.45
85.4,74.2
85.4,74.55
84.8,74.2
83.4,72.65
80.6,69.35
77.1,65.4
75.0,63.349999999999994
73.7,62.0
72.5,60.7
71.5,59.45
70.6,58.6
69.9,57.75
69.2,56.95
68.7,56.4
68.2,55.75
67.6,55.3
67.3,54.849999999999994
68.9,56.7
72.5,60.3
76.1,64.2
79.1,67.7
81.5,70.1
83.2,71.95
84.6,73.1
85.3,74.05
85.2,74.35
84.6,73.9
83.3,72.4
80.4,69.2
76.9,65.3
74.8,63.150000000000006
73.5,61.75
72.4,60.4
71.4,59.2
70.5,58.4
69.7,57.5
69.1,56.849999999999994
68.5,56.1
68.0,55.650000000000006
67.4,55.2
67.0,54.7
68.6,56.5
72.2,60.1
75.8,64.0
78.8,67.55
81.3,69.95
83.1,71.9
84.4,73.2
85.2,74.0
85.1,74.2
84.5,73.75
83.2,72.3
80.2,69.05
76.6,65.2
74.6,63.0
73.2,61.45
72.2,60.25
71.2,59.05
70.3,58.150000000000006
69.5,57.3
68.9,56.650000000000006
68.3,56.0
67.8,55.5
67.2,55.0
66.8,54.5
68.4,56.3
72.0,59.9
75.7,63.75
78.7,67.4
81.1,69.8
83.0,71.8
84.3,73.2
85.1,73.95
85.1,74.15
84.4,73.6
83.0,72.15
80.0,68.7
76.5,64.9
74.5,62.8
73.1,61.25
72.0,59.95
71.1,58.849999999999994
70.1,57.9
69.4,57.2
68.6,56.45
68.1,55.8
67.5,55.2
67.1,54.8
66.7,54.4
68.2,55.95
71.7,59.7
75.4,63.6
78.5,67.25
80.9,69.75
82.8,71.7
84.1,73.05
84.9,73.8
85.0,74.0
84.2,73.45
82.9,72.0
79.8,68.5
76.3,64.7
74.2,62.6
72.8,61.0
71.7,59.8
70.8,58.7
69.8,57.7
69.2,57.0
68.4,56.2
67.8,55.6
67.3,55.1
66.8,54.55
66.5,54.2
68.0,55.8
71.4,59.55
75.3,63.45
78.4,67.1
80.8,69.45
82.8,71.5
84.1,72.8
84.9,73.6
84.9,73.9
84.1,73.25
82.8,71.9
79.6,68.15
76.2,64.5
74.0,62.4
72.6,60.8
71.5,59.650000000000006
70.6,58.6
69.7,57.6
69.0,56.8
68.3,56.1
67.7,55.4
67.1,54.849999999999994
66.6,54.349999999999994
66.4,53.9
67.8,55.6
71.2,59.3
75.1,63.2
78.2,66.8
80.7,69.3
82.7,71.2
84.1,72.5
84.8,73.3
84.8,73.5
84.0,73.0
82.7,71.4
79.4,67.9
76.0,64.3
73.8,62.1
72.4,60.6
71.3,59.4
70.3,58.349999999999994
69.6,57.4
68.8,56.6
68.1,55.9
67.5,55.2
66.9,54.6
66.4,54.150000000000006
66.1,53.8
67.6,55.349999999999994
70.9,59.05
74.9,62.9
77.9,66.5
80.5,69.0
82.5,70.9
84.0,72.2
84.7,73.05
84.5,73.1
84.0,72.6
82.6,71.0
79.1,67.45
75.8,63.9
73.6,61.8
72.1,60.3
71.0,59.1
70.1,58.150000000000006
69.3,57.2
68.5,56.4
67.8,55.6
67.1,54.9
66.6,54.349999999999994
66.0,53.9
65.7,53.55
67.3,55.0
70.6,58.650000000000006
74.6,62.55
77.8,66.2
80.3,68.6
82.4,70.6
83.8,71.9
84.5,72.7
84.4,72.75
83.8,72.2
82.4,70.7
78.9,67.05
75.5,63.5
73.3,61.4
71.8,60.0
70.6,58.849999999999994
69.7,57.9
68.9,57.0
68.2,56.1
67.5,55.4
66.8,54.8
66.2,54.150000000000006
65.7,53.7
65.4,53.25
67.1,54.7
70.4,58.4
74.5,62.150000000000006
77.5,65.8
80.3,68.3
82.2,70.3
83.8,71.45
84.4,72.25
84.2,72.35
83.6,71.75
82.1,70.2
78.6,66.55
75.2,63.150000000000006
73.0,61.1
71.6,59.7
70.2,58.5
69.4,57.5
68.4,56.6
67.8,55.8
67.1,55.1
66.4,54.4
65.9,53.8
65.3,53.4
65.1,53.0
66.8,54.3
70.3,58.0
74.2,61.8
77.4,65.4
80.1,67.9
82.2,69.75
83.5,71.0
84.1,71.7
84.1,71.9
83.4,71.3
81.8,69.8
78.3,66.1
74.8,62.75
72.8,60.75
71.2,59.3
70.0,58.1
68.8,57.150000000000006
68.0,56.4
67.4,55.55
66.7,54.7
66.1,54.1
65.5,53.6
65.0,53.0
64.7,52.8
66.4,54.0
70.0,57.6
73.9,61.4
77.2,65.0
79.8,67.45
81.8,69.3
83.2,70.5
83.8,71.25
83.9,71.4
83.1,70.85
81.5,69.3
77.9,65.6
74.5,62.3
72.4,60.3
70.9,58.95
69.6,57.7
68.5,56.95
67.8,56.1
67.0,55.2
66.4,54.5
65.8,53.9
65.3,53.45
64.7,52.9
64.3,52.55
66.0,53.6
69.7,57.3
73.6,61.0
76.8,64.6
79.6,67.0
81.5,68.9
82.9,70.0
83.6,70.7
83.6,70.8
82.8,70.35
81.1,68.55
77.5,64.9
74.1,61.849999999999994
72.0,59.9
70.5,58.6
69.2,57.5
68.3,56.75
67.5,55.7
66.7,54.8
66.1,54.1
65.5,53.6
64.9,53.0
64.4,52.55
64.0,52.150000000000006
65.7,53.1
69.4,56.75
73.2,60.55
76.5,64.0
79.3,66.5
81.2,68.3
82.5,69.45
83.4,70.15
83.3,70.3
82.6,69.8
80.7,67.9
77.2,64.2
73.6,61.3
71.8,59.4
70.1,58.05
68.9,57.1
68.0,56.3
67.1,55.150000000000006
66.5,54.5
65.8,53.7
65.2,53.1
64.5,52.5
64.1,52.150000000000006
63.7,51.7
65.5,52.7
69.1,56.3
73.0,60.0
76.3,63.3
78.8,66.05
80.8,67.8
82.3,68.9
83.1,69.7
83.1,69.8
82.4,69.3
80.6,67.35
76.9,63.75
73.3,60.9
71.3,59.0
69.7,57.55
68.6,56.6
67.7,55.7
66.8,54.8
66.1,54.0
65.4,53.3
64.8,52.7
64.2,52.25
63.8,51.650000000000006
63.4,51.2
65.1,52.2
68.9,55.9
72.6,59.55
75.8,62.9
78.6,65.65
80.6,67.5
81.9,68.6
82.8,69.3
82.9,69.55
82.3,69.0
80.4,67.0
76.6,63.3
73.0,60.45
70.9,58.6
69.3,57.25
68.4,56.25
67.4,55.4
66.6,54.45
65.8,53.75
65.2,52.9
64.5,52.3
63.9,51.75
63.4,51.3
63.0,50.9
64.8,51.650000000000006
68.6,55.4
72.5,59.2
75.6,62.7
78.3,65.3
80.4,67.15
81.7,68.3
82.6,68.9
82.7,69.15
82.1,68.6
80.1,66.6
76.3,62.849999999999994
72.6,60.05
70.5,58.25
69.1,56.9
68.1,56.0
67.2,55.05
66.3,54.0
65.5,53.4
64.8,52.6
64.2,51.9
63.7,51.4
63.3,51.05
62.9,50.75
64.6,51.2
68.2,54.849999999999994
72.2,58.7
75.3,62.1
77.9,64.75
80.0,66.7
81.3,67.9
82.2,68.5
82.5,68.5
81.8,67.85
79.8,66.1
75.8,62.5
72.3,59.5
70.2,57.7
68.9,56.5
67.9,55.5
66.9,54.55
66.0,53.7
65.3,53.0
64.7,52.2
64.0,51.5
63.5,50.95
63.0,50.6
62.6,50.25
64.3,50.8
68.0,54.3
71.9,58.0
75.0,61.4
77.4,64.1
79.5,66.0
81.0,67.3
81.8,68.0
82.1,67.9
81.3,67.25
79.3,65.5
75.2,61.9
71.9,59.0
69.8,57.2
68.6,55.9
67.6,55.0
66.6,54.150000000000006
65.7,53.2
65.0,52.5
64.3,51.8
63.7,51.05
63.2,50.4
62.6,50.1
62.3,49.7
63.9,50.349999999999994
67.6,53.7
71.4,57.5
74.6,60.8
77.0,63.4
79.1,65.4
80.7,66.55
81.3,67.2
81.6,67.2
81.0,66.5
79.0,64.7
74.8,61.3
71.5,58.3
69.4,56.6
68.3,55.45
67.2,54.5
66.3,53.5
65.3,52.7
64.6,51.8
63.9,51.25
63.3,50.4
62.9,49.8
62.4,49.5
61.9,49.150000000000006
63.4,49.8
67.1,53.150000000000006
71.0,56.7
74.2,60.0
76.6,62.650000000000006
78.6,64.6
80.1,65.7
81.0,66.3
81.2,66.45
80.6,65.75
78.5,63.849999999999994
74.3,60.5
71.1,57.7
69.0,56.0
68.0,54.8
66.9,53.8
65.9,52.95
64.9,52.05
64.3,51.25
63.5,50.5
63.0,49.9
62.6,49.4
62.0,49.1
61.5,48.7
62.9,49.1
66.6,52.650000000000006
70.7,56.150000000000006
73.8,59.4
76.2,62.0
78.2,64.0
79.7,65.2
80.5,65.9
80.8,65.95
80.2,65.25
78.2,63.3
74.0,59.8
70.7,57.1
68.7,55.4
67.5,54.2
66.6,53.3
65.6,52.349999999999994
64.7,51.4
64.0,50.7
63.2,50.0
62.7,49.55
62.2,49.05
61.7,48.6
61.3,48.3
62.6,48.7
66.3,52.2
70.5,55.6
73.6,58.849999999999994
76.1,61.5
78.0,63.45
79.5,64.6
80.3,65.35
80.7,65.5
79.9,64.8
77.9,62.7
73.7,59.3
70.4,56.650000000000006
68.5,55.05
67.4,53.8
66.4,52.849999999999994
65.4,51.849999999999994
64.5,51.0
63.6,50.3
63.1,49.650000000000006
62.5,49.1
62.0,48.6
61.4,48.2
61.0,47.849999999999994
62.3,48.4
65.9,51.7
70.2,55.1
73.2,58.4
75.5,61.0
77.7,62.95
79.2,64.19999999999999
80.0,64.9
80.3,65.05
79.5,64.3
77.6,62.2
73.2,58.8
70.1,56.2
68.3,54.6
67.1,53.45
66.1,52.4
65.0,51.55
64.1,50.7
63.4,49.9
62.8,49.3
62.1,48.8
61.7,48.3
61.1,47.95
60.8,47.5
61.9,48.1
65.6,51.45
69.6,54.650000000000006
72.7,58.0
75.2,60.6
77.0,62.6
78.6,63.8
79.5,64.5
79.8,64.6
79.2,63.8
77.3,61.8
72.7,58.4
69.6,55.8
67.7,54.2
66.6,53.0
65.6,52.05
64.6,51.2
63.8,50.3
63.0,49.6
62.4,48.9
61.8,48.4
61.3,47.9
60.8,47.45
60.4,47.05
61.4,47.7
65.1,51.1
69.2,54.3
72.4,57.6
74.8,60.1
76.7,62.2
78.2,63.349999999999994
79.2,64.2
79.5,64.2
78.9,63.45
76.9,61.349999999999994
72.5,58.0
69.2,55.4
67.5,53.75
66.4,52.6
65.3,51.7
64.2,50.95
63.6,50.0
62.7,49.3
62.0,48.6
61.6,48.05
61.0,47.55
60.4,47.0
60.1,46.6
61.1,47.2
64.8,50.45
68.7,53.849999999999994
72.0,57.1
74.5,59.650000000000006
76.5,61.7
78.0,62.95
78.9,63.650000000000006
79.3,63.8
78.7,63.1
76.6,60.849999999999994
72.0,57.4
68.8,54.9
67.4,53.3
65.9,52.2
64.8,51.25
64.0,50.4
63.2,49.7
62.3,48.8
61.6,48.150000000000006
61.1,47.6
60.5,47.1
59.9,46.7
59.6,46.4
60.8,46.8
64.6,50.05
68.4,53.6
71.6,56.9
74.1,59.45
76.1,61.45
77.6,62.6
78.6,63.349999999999994
79.0,63.5
78.5,62.8
76.3,60.55
71.7,57.0
68.5,54.6
66.8,53.150000000000006
65.4,52.0
64.4,51.0
63.7,50.2
62.7,49.45
61.9,48.6
61.3,48.0
60.6,47.4
60.1,46.9
59.6,46.5
59.2,46.2
60.2,46.7
64.4,49.75
68.0,53.4
71.3,56.650000000000006
73.8,59.150000000000006
75.9,61.2
77.3,62.4
78.4,63.2
78.8,63.1
78.2,62.5
76.0,60.2
71.3,56.75
68.3,54.3
66.5,52.9
65.1,51.7
64.2,50.7
63.3,49.9
62.3,49.150000000000006
61.5,48.4
60.8,47.8
60.2,47.2
59.7,46.8
59.2,46.25
58.8,45.9
59.9,46.3
63.9,49.4
67.7,53.05
71.0,56.3
73.5,58.8
75.6,60.8
77.1,62.0
78.2,62.75
78.5,62.75
77.9,62.0
75.6,59.8
71.0,56.3
68.0,53.9
66.1,52.5
64.8,51.349999999999994
63.7,50.349999999999994
62.8,49.4
61.9,48.650000000000006
61.1,48.0
60.4,47.349999999999994
59.8,46.8
59.2,46.3
58.7,45.849999999999994
58.3,45.45
59.3,45.8
63.5,49.0
67.4,52.5
70.8,55.8
73.2,58.3
75.2,60.150000000000006
76.8,61.6
77.7,62.2
78.1,62.25
77.4,61.6
75.3,59.3
70.5,55.849999999999994
67.6,53.6
65.8,52.1
64.3,50.9
63.1,50.0
62.3,49.1
61.3,48.3
60.6,47.6
59.9,47.0
59.4,46.5
58.8,46.1
58.2,45.5
57.8,45.2
58.9,45.4
63.1,48.6
66.8,52.1
70.3,55.2
72.8,57.8
74.8,59.7
76.6,61.0
77.3,61.7
77.5,61.8
77.0,60.95
74.8,58.8
70.0,55.349999999999994
67.1,53.1
65.4,51.6
64.0,50.4
62.7,49.5
61.8,48.6
60.9,47.9
60.2,47.25
59.3,46.7
58.7,46.1
58.1,45.6
57.7,45.2
57.2,44.75
58.4,45.0
62.4,47.95
66.5,51.6
70.1,54.7
72.5,57.4
74.6,59.2
76.3,60.4
77.0,61.2
77.1,61.2
76.7,60.45
74.4,58.2
69.7,54.8
66.8,52.650000000000006
64.9,51.2
63.5,49.9
62.4,48.9
61.4,48.150000000000006
60.4,47.4
59.6,46.9
58.8,46.3
58.0,45.7
57.5,45.25
57.1,44.9
56.7,44.5
57.7,44.7
61.8,47.7
66.1,51.2
69.7,54.25
72.3,56.849999999999994
74.4,58.849999999999994
76.0,60.0
76.7,60.9
76.7,60.8
76.1,59.95
73.8,57.7
69.3,54.4
66.4,52.3
64.5,50.8
63.2,49.6
61.9,48.650000000000006
61.1,47.8
60.1,47.2
59.3,46.5
58.4,46.0
57.7,45.4
57.2,44.95
56.7,44.55
56.3,44.2
57.2,44.3
61.5,47.3
65.7,50.849999999999994
69.5,53.7
71.9,56.45
74.2,58.349999999999994
75.8,59.6
76.5,60.4
76.5,60.4
75.8,59.6
73.4,57.2
68.9,53.9
66.1,51.8
64.1,50.4
62.9,49.2
61.6,48.2
60.8,47.45
59.7,46.8
58.9,46.150000000000006
58.1,45.5
57.4,44.849999999999994
56.7,44.5
56.2,44.150000000000006
55.8,43.8
56.9,43.95
60.9,46.8
65.3,50.45
68.9,53.4
71.5,56.0
73.9,57.9
75.3,59.2
76.1,59.95
76.1,59.95
75.3,59.1
73.0,56.8
68.4,53.55
65.5,51.4
63.8,49.9
62.5,48.9
61.2,48.0
60.2,47.1
59.3,46.5
58.5,45.8
57.6,45.05
56.9,44.8
56.4,44.4
55.9,44.1
55.6,43.7
56.4,43.55
60.6,46.2
64.7,50.0
68.4,53.0
71.0,55.5
73.4,57.45
74.8,58.8
75.6,59.5
75.6,59.5
74.7,58.6
72.4,56.3
67.9,53.1
65.1,50.9
63.4,49.5
62.0,48.4
60.7,47.5
59.4,46.75
58.6,46.1
57.9,45.4
57.1,44.849999999999994
56.6,44.3
56.1,44.0
55.5,43.7
55.1,43.2
55.8,43.1
60.0,45.95
64.2,49.55
67.7,52.5
70.6,55.0
72.9,57.0
74.3,58.349999999999994
75.0,58.95
75.1,59.0
74.2,58.2
71.9,55.8
67.5,52.650000000000006
64.7,50.5
62.9,49.1
61.4,48.0
60.1,47.1
59.0,46.349999999999994
58.0,45.8
57.3,45.150000000000006
56.7,44.4
56.0,44.0
55.5,43.7
55.0,43.3
54.5,42.9
55.2,42.75
59.3,45.5
63.5,49.2
67.1,52.150000000000006
70.1,54.6
72.3,56.7
73.8,57.9
74.7,58.45
74.7,58.6
73.8,57.7
71.4,55.4
67.0,52.150000000000006
64.2,50.1
62.4,48.7
61.0,47.7
59.7,46.8
58.6,46.0
57.7,45.3
56.9,44.75
56.1,44.2
55.5,43.7
55.0,43.3
54.6,42.9
54.2,42.45
54.8,42.349999999999994
59.0,45.150000000000006
63.2,48.75
67.0,51.75
69.7,54.2
72.1,56.150000000000006
73.6,57.5
74.4,58.1
74.4,58.1
73.5,57.3
71.1,55.0
66.6,51.7
63.8,49.7
62.0,48.45
60.5,47.3
59.3,46.349999999999994
58.3,45.7
57.4,45.05
56.6,44.349999999999994
55.9,43.8
55.2,43.3
54.7,42.9
54.3,42.6
53.9,42.1
54.4,41.9
58.6,44.55
62.8,48.4
66.6,51.3
69.4,53.8
71.8,55.7
73.2,57.1
74.1,57.7
74.1,57.7
73.1,56.849999999999994
70.7,54.6
66.1,51.25
63.4,49.4
61.7,47.9
60.2,46.95
58.9,45.95
58.0,45.349999999999994
57.0,44.75
56.3,44.05
55.5,43.349999999999994
54.9,42.9
54.4,42.55
54.0,42.2
53.5,41.7
54.1,41.650000000000006
58.2,44.1
62.4,47.9
66.2,50.9
69.0,53.5
71.5,55.45
72.8,56.7
73.8,57.3
73.7,57.4
72.7,56.5
70.3,54.1
65.6,50.95
63.0,49.0
61.4,47.6
60.0,46.6
58.6,45.75
57.7,45.1
56.8,44.5
56.0,43.650000000000006
55.2,43.05
54.5,42.650000000000006
54.0,42.25
53.7,41.9
53.3,41.45
53.6,41.25
57.8,43.7
62.1,47.5
65.8,50.6
68.6,53.0
71.2,55.2
72.6,56.349999999999994
73.4,57.0
73.4,57.1
72.5,56.150000000000006
69.9,53.8
65.3,50.6
62.8,48.650000000000006
61.0,47.349999999999994
59.5,46.2
58.3,45.4
57.4,44.650000000000006
56.5,44.0
55.7,43.3
55.0,42.8
54.4,42.2
53.7,41.8
53.3,41.5
52.9,41.150000000000006
53.4,40.849999999999994
57.6,43.349999999999994
61.7,47.1
65.5,50.2
68.2,52.650000000000006
70.8,54.8
72.3,55.95
73.1,56.6
73.1,56.7
72.2,55.9
69.6,53.3
65.0,50.2
62.4,48.25
60.6,47.0
59.2,45.9
58.0,45.0
57.1,44.25
56.3,43.55
55.5,43.0
54.8,42.349999999999994
54.1,41.8
53.7,41.45
53.2,41.2
52.8,40.9
53.3,40.55
57.3,43.1
61.3,46.7
65.2,49.8
67.9,52.4
70.5,54.4
72.0,55.650000000000006
72.8,56.3
72.8,56.4
71.9,55.55
69.2,52.9
64.7,49.8
62.2,47.9
60.3,46.6
59.0,45.55
57.9,44.7
57.0,43.95
56.1,43.4
55.4,42.650000000000006
54.8,42.1
54.0,41.55
53.6,41.2
53.0,40.9
52.6,40.55
53.1,40.4
57.2,42.8
61.0,46.4
64.8,49.5
67.6,52.05
70.2,54.1
71.8,55.3
72.5,56.0
72.6,56.05
71.6,55.25
68.8,52.55
64.4,49.5
62.0,47.650000000000006
59.9,46.3
58.7,45.2
57.7,44.3
56.8,43.6
55.9,43.05
55.3,42.4
54.6,41.75
53.8,41.4
53.4,40.95
52.8,40.6
52.3,40.25
52.9,40.0
56.9,42.349999999999994
60.6,46.0
64.5,49.1
67.4,51.6
69.8,53.75
71.5,55.0
72.1,55.6
72.2,55.7
71.3,54.849999999999994
68.4,52.2
64.2,49.2
61.6,47.25
59.6,45.849999999999994
58.4,44.849999999999994
57.4,43.9
56.5,43.3
55.6,42.650000000000006
54.9,42.0
54.2,41.4
53.4,40.95
53.0,40.55
52.4,40.2
52.0,39.9
52.5,39.650000000000006
56.5,41.9
60.3,45.55
64.1,48.8
66.9,51.3
69.3,53.5
70.9,54.8
71.6,55.4
71.7,55.4
70.9,54.6
68.0,51.8
63.7,48.8
61.1,46.849999999999994
59.3,45.45
58.2,44.5
57.0,43.6
56.1,42.9
55.3,42.3
54.6,41.6
53.7,41.150000000000006
53.0,40.8
52.5,40.25
52.1,39.849999999999994
51.6,39.5
52.1,39.349999999999994
56.2,41.5
60.0,45.25
63.7,48.45
66.5,51.0
68.7,53.2
70.5,54.5
71.4,55.0
71.3,55.1
70.5,54.150000000000006
67.7,51.45
63.4,48.5
60.7,46.45
59.1,45.2
57.9,44.2
56.8,43.3
55.8,42.650000000000006
55.1,42.0
54.3,41.3
53.5,40.8
52.8,40.4
52.1,40.0
51.6,39.650000000000006
51.3,39.3
51.7,39.1
55.8,41.150000000000006
59.8,44.9
63.5,48.1
66.3,50.75
68.3,52.95
70.0,54.3
70.8,54.849999999999994
71.0,54.9
70.2,53.849999999999994
67.3,51.05
62.9,48.150000000000006
60.5,46.2
58.8,44.9
57.7,43.9
56.8,43.1
55.6,42.3
54.8,41.849999999999994
54.0,41.0
53.1,40.6
52.4,40.1
51.9,39.650000000000006
51.4,39.349999999999994
51.1,39.05
51.3,38.849999999999994
55.4,40.75
59.6,44.5
63.1,47.7
66.0,50.4
68.2,52.5
69.7,53.9
70.6,54.45
70.8,54.5
70.0,53.349999999999994
67.0,50.5
62.6,47.75
60.1,45.849999999999994
58.7,44.55
57.5,43.55
56.4,42.7
55.3,41.95
54.5,41.45
53.7,40.7
53.0,40.2
52.4,39.7
51.8,39.25
51.2,38.95
50.8,38.7
50.9,38.4
55.0,40.2
59.1,44.05
62.7,47.2
65.5,49.9
67.8,52.1
69.3,53.4
70.1,54.0
70.3,53.95
69.5,52.849999999999994
66.5,49.95
62.3,47.3
59.7,45.4
58.3,44.05
57.2,43.2
56.0,42.3
55.0,41.45
54.2,40.95
53.4,40.2
52.7,39.7
51.9,39.3
51.5,38.95
51.0,38.5
50.5,38.25
50.6,37.95
54.7,39.7
58.6,43.55
62.1,46.75
65.0,49.5
67.2,51.6
68.8,52.95
69.5,53.5
69.7,53.4
69.1,52.4
65.9,49.6
61.9,46.95
59.3,45.0
57.9,43.7
56.8,42.8
55.6,41.9
54.7,41.2
53.7,40.55
53.0,40.0
52.3,39.45
51.7,39.05
51.2,38.6
50.6,38.150000000000006
50.3,37.8
50.3,37.6
54.3,39.3
58.2,43.150000000000006
61.8,46.25
64.6,49.0
66.9,51.1
68.5,52.55
69.4,53.150000000000006
69.4,53.150000000000006
68.7,51.9
65.7,49.25
61.6,46.45
59.1,44.6
57.8,43.4
56.5,42.4
55.4,41.650000000000006
54.4,40.9
53.5,40.25
52.8,39.6
52.0,39.1
51.4,38.75
50.9,38.25
50.4,37.9
50.0,37.6
50.1,37.349999999999994
53.9,38.9
57.8,42.7
61.3,45.8
64.1,48.5
66.3,50.7
68.0,52.150000000000006
68.8,52.8
69.0,52.7
68.3,51.55
65.3,48.9
61.2,46.1
58.9,44.3
57.5,43.05
56.2,42.1
55.0,41.349999999999994
54.0,40.650000000000006
53.2,39.95
52.4,39.349999999999994
51.7,38.8
51.1,38.45
50.6,37.9
50.1,37.6
49.7,37.349999999999994
49.9,37.1
53.4,38.55
57.4,42.3
60.8,45.45
63.7,48.150000000000006
65.9,50.25
67.7,51.7
68.5,52.349999999999994
68.6,52.3
67.8,51.2
64.9,48.5
60.8,45.8
58.5,43.95
57.2,42.8
55.9,41.95
54.7,41.1
53.7,40.45
52.8,39.7
52.1,39.150000000000006
51.4,38.7
50.8,38.3
50.3,37.8
49.8,37.4
49.4,37.150000000000006
49.5,36.9
53.0,38.3
57.0,42.0
60.5,45.1
63.4,47.8
65.5,49.849999999999994
67.4,51.3
68.3,51.9
68.3,51.849999999999994
67.5,50.7
64.6,48.1
60.5,45.4
58.2,43.55
56.9,42.45
55.6,41.55
54.4,40.9
53.4,40.1
52.6,39.45
51.8,38.9
51.1,38.4
50.6,37.95
50.1,37.5
49.6,37.2
49.1,36.9
49.3,36.55
52.6,38.0
56.7,41.55
60.1,44.7
62.9,47.3
65.1,49.4
67.0,50.7
67.9,51.349999999999994
68.0,51.25
67.2,50.150000000000006
64.1,47.5
60.1,44.75
58.0,43.1
56.5,42.05
55.2,41.05
54.0,40.4
53.1,39.650000000000006
52.2,38.95
51.4,38.5
50.8,38.0
50.2,37.650000000000006
49.6,37.2
49.2,36.9
48.7,36.55
48.6,36.349999999999994
52.1,37.7
56.2,41.1
59.5,44.2
62.5,46.650000000000006
64.7,48.8
66.7,50.1
67.4,50.9
67.6,50.7
66.7,49.55
63.8,47.0
59.7,44.3
57.6,42.6
56.1,41.55
54.8,40.7
53.6,39.9
52.6,39.3
51.9,38.7
51.0,38.2
50.4,37.7
49.8,37.25
49.2,36.75
48.8,36.5
48.3,36.150000000000006
48.3,36.0
51.6,37.2
55.8,40.5
59.1,43.55
62.2,46.1
64.3,48.3
66.2,49.45
67.1,50.2
67.3,50.0
66.4,49.0
63.4,46.349999999999994
59.4,43.75
57.2,42.1
55.7,41.0
54.5,40.2
53.2,39.4
52.3,38.8
51.4,38.2
50.7,37.650000000000006
50.0,37.150000000000006
49.4,36.8
48.7,36.3
48.4,36.0
48.0,35.650000000000006
47.8,35.5
51.1,36.7
55.3,39.9
58.8,43.0
61.7,45.5
63.9,47.650000000000006
66.0,48.9
66.7,49.7
67.0,49.45
66.0,48.4
63.0,45.8
59.0,43.2
57.0,41.55
55.3,40.349999999999994
54.1,39.5
52.9,38.9
51.9,38.3
51.1,37.6
50.5,37.05
49.7,36.6
49.0,36.3
48.4,35.8
48.0,35.55
47.6,35.2
47.5,35.1
50.7,36.2
55.0,39.4
58.4,42.4
61.3,44.9
63.5,47.1
65.5,48.4
66.3,49.0
66.6,48.9
65.7,47.849999999999994
62.6,45.3
58.8,42.7
56.7,41.1
55.1,39.9
53.8,39.1
52.5,38.5
51.7,37.95
50.8,37.25
50.1,36.7
49.4,36.3
48.8,35.9
48.2,35.5
47.8,35.2
47.3,34.9
47.3,34.7
50.5,35.849999999999994
54.6,38.9
58.0,41.9
61.0,44.4
63.2,46.6
65.1,47.8
66.2,48.4
66.3,48.3
65.5,47.25
62.3,44.6
58.7,42.1
56.5,40.6
54.9,39.4
53.5,38.7
52.3,38.05
51.4,37.5
50.5,36.9
49.7,36.349999999999994
49.2,35.849999999999994
48.6,35.45
48.0,35.05
47.5,34.8
47.0,34.5
47.0,34.3
50.1,35.45
54.2,38.5
57.6,41.4
60.6,43.9
62.9,46.0
64.7,47.3
65.9,47.95
66.0,47.8
65.2,46.75
62.0,44.1
58.4,41.55
56.2,40.2
54.6,39.0
53.1,38.3
52.0,37.7
51.0,37.2
50.3,36.55
49.4,35.9
48.9,35.5
48.3,35.1
47.7,34.7
47.1,34.4
46.8,34.150000000000006
46.7,34.0
49.6,35.150000000000006
53.7,38.2
57.3,41.05
60.3,43.6
62.5,45.6
64.2,47.0
65.6,47.6
65.6,47.5
64.9,46.45
61.6,43.7
58.1,41.25
55.9,39.8
54.3,38.7
53.0,38.0
51.8,37.4
50.7,36.9
49.9,36.3
49.3,35.7
48.7,35.3
48.1,34.95
47.5,34.55
47.1,34.25
46.8,33.95
46.6,33.849999999999994
49.3,34.95
53.4,37.9
57.0,40.8
60.0,43.25
62.0,45.25
64.1,46.7
65.2,47.3
65.4,47.25
64.6,46.25
61.4,43.5
57.9,41.1
55.8,39.5
54.1,38.5
52.8,37.9
51.7,37.2
50.5,36.7
49.6,36.1
49.1,35.6
48.4,35.1
47.9,34.75
47.4,34.349999999999994
46.8,34.1
46.5,33.849999999999994
46.3,33.7
49.0,34.9
53.2,37.8
56.7,40.7
59.7,43.05
61.8,45.0
64.1,46.5
65.0,47.05
65.2,47.1
64.3,46.05
61.2,43.3
57.6,40.9
55.6,39.349999999999994
54.0,38.3
52.5,37.6
51.4,36.95
50.3,36.5
49.4,35.9
48.8,35.4
48.2,35.0
47.8,34.6
47.3,34.2
46.7,34.0
46.3,33.75
46.1,33.6
48.8,34.7
52.9,37.5
56.5,40.3
59.5,42.7
61.6,44.7
63.4,46.150000000000006
64.8,46.8
65.1,46.849999999999994
64.2,45.7
61.1,43.05
57.5,40.6
55.4,39.1
53.7,38.1
52.3,37.349999999999994
51.2,36.7
50.3,36.3
49.5,35.75
48.8,35.2
48.1,34.8
47.5,34.5
47.0,34.05
46.6,33.8
46.1,33.5
46.0,33.4
48.7,34.4
52.9,37.2
56.3,39.9
59.3,42.3
61.6,44.25
63.2,45.8
64.3,46.4
64.7,46.4
64.1,45.3
60.9,42.7
57.2,40.2
55.1,38.650000000000006
53.5,37.7
52.2,36.95
51.1,36.5
50.1,35.95
49.3,35.5
48.5,35.0
48.0,34.55
47.4,34.150000000000006
46.9,33.8
46.5,33.5
46.1,33.2
45.8,33.1
48.7,34.0
52.7,36.849999999999994
56.1,39.6
59.3,42.0
61.4,44.0
63.2,45.3
64.1,45.95
64.5,45.9
63.8,44.849999999999994
60.6,42.2
57.0,39.7
54.9,38.2
53.3,37.3
52.0,36.7
50.8,36.1
49.8,35.6
49.0,35.05
48.5,34.6
47.8,34.2
47.4,33.8
46.7,33.4
46.4,33.1
45.8,32.9
45.6,32.8
48.5,33.75
52.4,36.349999999999994
56.0,39.1
58.9,41.6
61.0,43.5
62.9,44.9
63.8,45.5
64.1,45.45
63.4,44.3
60.4,41.7
56.7,39.2
54.6,37.8
53.1,37.0
51.7,36.349999999999994
50.6,35.7
49.6,35.25
48.9,34.650000000000006
48.3,34.150000000000006
47.6,33.8
47.1,33.4
46.5,33.0
46.2,32.8
45.7,32.5
45.5,32.45
48.3,33.3
52.2,36.0
55.6,38.6
58.5,41.2
60.7,43.05
62.6,44.5
63.5,45.2
63.7,45.05
63.1,43.95
60.1,41.3
56.4,38.9
54.3,37.6
52.9,36.6
51.5,35.9
50.2,35.45
49.5,35.0
48.7,34.349999999999994
48.1,33.8
47.4,33.5
46.9,33.2
46.4,33.0
46.1,32.6
45.6,32.3
45.4,32.150000000000006
48.1,33.0
52.0,35.7
55.4,38.3
58.3,40.9
60.5,42.55
62.2,44.0
63.2,44.7
63.5,44.849999999999994
62.8,43.4
60.0,41.0
56.2,38.5
54.2,37.2
52.6,36.4
51.4,35.7
50.3,35.3
49.5,34.6
48.7,34.05
48.0,33.6
47.4,33.4
47.0,32.9
46.5,32.6
46.1,32.25
45.7,32.05
45.5,31.8
48.0,32.55
51.7,35.2
55.2,38.0
57.8,40.4
60.3,42.1
61.9,43.5
62.9,44.2
63.1,44.3
62.4,42.9
59.7,40.5
56.1,38.150000000000006
54.0,36.849999999999994
52.3,35.95
51.1,35.25
50.2,34.8
49.4,34.1
48.6,33.6
48.0,33.150000000000006
47.3,32.8
46.8,32.45
46.3,32.05
45.9,31.7
45.6,31.45
45.4,31.25
47.7,32.1
51.2,34.650000000000006
54.5,37.45
57.2,39.7
59.6,41.6
61.3,42.9
62.4,43.6
62.5,43.8
61.7,42.349999999999994
59.2,39.9
55.9,37.5
53.7,36.25
52.1,35.45
50.9,34.7
50.0,34.3
49.2,33.8
48.4,33.349999999999994
47.7,32.75
47.0,32.5
46.6,32.1
46.2,31.65
45.7,31.35
45.3,31.0
45.0,30.9
47.1,31.55
50.6,34.1
53.8,37.0
56.6,39.150000000000006
58.9,41.0
60.6,42.3
61.7,43.0
62.0,43.1
61.1,41.849999999999994
58.6,39.25
55.5,37.1
53.4,35.849999999999994
51.9,34.95
50.7,34.3
49.6,33.9
48.9,33.4
48.1,32.8
47.4,32.3
46.8,31.9
46.4,31.55
45.9,31.05
45.4,30.85
45.2,30.6
44.9,30.45
46.8,31.1
50.2,33.5
53.4,36.3
56.2,38.6
58.4,40.349999999999994
60.2,41.7
61.2,42.2
61.5,42.3
60.7,41.2
58.2,38.8
55.1,36.45
53.1,35.2
51.4,34.4
50.3,33.75
49.2,33.3
48.4,32.75
47.7,32.3
47.1,31.8
46.4,31.25
46.0,31.0
45.5,30.5
45.1,30.3
44.7,30.15
44.5,30.0
46.3,30.6
49.7,33.0
53.0,35.8
55.8,38.0
58.0,39.75
59.6,40.9
60.8,41.650000000000006
60.9,41.7
60.3,40.6
57.7,38.25
54.8,35.95
52.5,34.8
50.9,34.150000000000006
49.8,33.3
48.9,32.9
48.1,32.45
47.4,31.9
46.8,31.4
46.1,31.0
45.6,30.65
45.2,30.299999999999997
44.8,30.1
44.4,29.7
44.3,29.5
46.1,30.25
49.4,32.5
52.8,35.5
55.4,37.5
57.7,39.2
59.3,40.45
60.5,41.3
60.7,41.1
60.0,40.1
57.2,37.55
54.3,35.45
52.3,34.4
50.9,33.650000000000006
49.7,32.9
48.8,32.349999999999994
48.0,31.9
47.2,31.4
46.6,30.9
46.0,30.5
45.6,30.2
45.1,29.9
44.7,29.55
44.3,29.3
44.2,29.2
45.9,29.700000000000003
49.0,32.05
52.3,34.75
55.1,37.1
57.4,38.650000000000006
59.0,39.849999999999994
59.9,40.45
60.4,40.55
59.7,39.45
56.9,37.3
53.9,35.1
52.0,33.8
50.5,33.1
49.3,32.4
48.4,31.8
47.7,31.5
47.0,31.0
46.3,30.55
45.7,30.1
45.2,29.8
44.7,29.5
44.3,29.25
44.0,28.95
43.9,28.7
45.4,29.3
48.7,31.7
52.0,34.4
54.8,36.650000000000006
56.9,38.150000000000006
58.7,39.45
59.7,40.1
60.0,40.2
59.5,39.1
56.8,36.849999999999994
53.8,34.75
51.9,33.4
50.2,32.7
49.2,32.1
48.2,31.55
47.5,31.05
46.8,30.65
46.1,30.3
45.5,29.9
45.1,29.55
44.6,29.25
44.2,29.0
43.9,28.8
43.7,28.55
45.3,28.95
48.5,31.3
51.8,34.05
54.6,36.3
56.8,37.9
58.5,39.15
59.5,39.650000000000006
59.8,39.9
59.3,38.849999999999994
56.7,36.55
53.7,34.45
51.7,33.2
50.1,32.45
49.1,31.9
48.2,31.4
47.3,30.95
46.7,30.55
46.0,30.1
45.5,29.8
45.0,29.5
44.6,29.15
44.3,28.9
43.9,28.7
43.8,28.5
45.2,28.9
48.4,31.1
51.7,33.9
54.5,36.0
56.7,37.7
58.3,38.95
59.4,39.45
59.7,39.6
59.1,38.5
56.6,36.349999999999994
53.5,34.349999999999994
51.6,33.0
50.1,32.3
48.9,31.7
48.2,31.15
47.4,30.75
46.7,30.4
45.9,29.95
45.5,29.6
44.9,29.3
44.6,29.0
44.2,28.8
43.9,28.6
43.8,28.4
45.0,28.7
48.1,30.9
51.5,33.650000000000006
54.1,35.8
56.5,37.3
58.1,38.650000000000006
59.1,39.1
59.5,39.2
58.9,38.1
56.4,36.05
53.3,34.150000000000006
51.5,32.7
50.0,31.9
48.8,31.35
48.0,30.9
47.2,30.45
46.5,30.1
45.9,29.65
45.2,29.2
44.8,28.9
44.3,28.55
44.0,28.35
43.7,28.1
43.5,27.95
44.7,28.35
47.9,30.4
51.2,33.2
53.9,35.349999999999994
56.1,36.9
57.8,38.05
58.9,38.7
59.3,38.650000000000006
58.8,37.5
56.2,35.6
53.3,33.8
51.2,32.4
49.9,31.65
48.8,31.0
47.9,30.6
47.0,30.05
46.2,29.7
45.6,29.3
45.1,28.85
44.7,28.6
44.2,28.2
44.0,27.9
43.5,27.75
43.5,27.55
44.5,27.9
47.7,30.25
50.9,32.75
53.6,34.95
55.9,36.5
57.5,37.650000000000006
58.6,38.25
59.0,38.3
58.6,37.150000000000006
55.9,35.3
52.9,33.4
51.1,32.1
49.8,31.35
48.7,30.75
47.7,30.25
46.8,29.700000000000003
46.1,29.3
45.6,28.95
45.1,28.6
44.7,28.15
44.3,27.8
43.9,27.5
43.6,27.35
43.4,27.2
44.4,27.5
47.4,29.85
50.6,32.150000000000006
53.4,34.349999999999994
55.8,36.1
57.3,37.1
58.5,37.75
59.0,37.9
58.3,36.75
55.6,34.8
52.6,33.05
50.8,31.7
49.6,31.0
48.4,30.35
47.5,29.9
46.7,29.3
46.0,28.9
45.4,28.55
45.0,28.15
44.5,27.8
44.0,27.45
43.6,27.1
43.3,26.9
43.1,26.8
44.1,27.1
47.1,29.35
50.5,31.8
53.2,34.0
55.6,35.650000000000006
57.2,36.8
58.3,37.349999999999994
58.7,37.45
58.1,36.6
55.5,34.5
52.6,32.7
50.6,31.5
49.5,30.75
48.3,30.0
47.2,29.55
46.4,29.0
45.7,28.5
45.2,28.15
44.7,27.8
44.3,27.65
43.8,27.25
43.5,26.9
43.2,26.7
43.0,26.5
43.9,26.8
47.1,29.15
50.3,31.45
53.0,33.7
55.4,35.349999999999994
57.0,36.55
58.2,37.25
58.6,37.150000000000006
58.0,36.349999999999994
55.5,34.3
52.6,32.5
50.7,31.4
49.4,30.45
48.4,29.95
47.4,29.4
46.6,29.0
46.0,28.65
45.4,28.3
44.7,27.9
44.3,27.6
43.9,27.3
43.6,27.0
43.1,26.9
42.8,26.65
44.0,26.9
47.0,29.05
50.3,31.55
53.0,33.6
55.4,35.3
56.9,36.650000000000006
58.1,37.2
58.5,37.3
58.1,36.349999999999994
55.5,34.3
52.7,32.6
50.9,31.35
49.5,30.45
48.3,30.0
47.5,29.55
46.7,29.1
46.0,28.6
45.3,28.3
44.9,28.0
44.5,27.6
44.0,27.3
43.6,27.1
43.3,27.0
43.0,26.8
44.2,27.1
47.1,29.15
50.2,31.7
53.3,33.7
55.5,35.3
57.0,36.7
58.3,37.4
58.7,37.4
58.2,36.4
56.0,34.3
53.1,32.7
51.1,31.6
49.5,30.6
48.5,30.2
47.6,29.7
46.9,29.4
46.3,28.85
45.7,28.65
45.1,28.2
44.5,27.85
43.9,27.6
43.4,27.3
43.4,27.2
43.1,27.1
44.4,27.4
47.3,29.3
50.4,32.0
53.3,34.0
55.8,35.55
57.4,36.8
58.5,37.5
58.9,37.5
58.4,36.45
56.1,34.55
53.2,32.650000000000006
51.1,31.6
49.8,30.95
48.7,30.5
47.9,30.0
47.1,29.7
46.6,29.25
45.9,28.9
45.3,28.45
44.9,28.1
44.3,27.8
43.9,27.55
43.6,27.4
43.5,27.3
44.5,27.5
47.5,29.5
50.6,31.9
53.4,34.150000000000006
56.0,35.7
57.6,36.849999999999994
58.7,37.55
59.1,37.6
58.6,36.6
56.1,34.7
53.2,32.8
51.3,31.7
50.0,31.1
49.0,30.5
48.2,30.05
47.4,29.7
46.7,29.4
46.2,29.05
45.6,28.6
45.1,28.2
44.6,27.9
44.2,27.55
43.9,27.4
43.6,27.35
44.6,27.45
47.7,29.45
50.6,31.9
53.6,34.05
56.0,35.650000000000006
57.7,36.9
58.7,37.5
59.0,37.7
58.5,36.55
56.2,34.7
53.3,32.849999999999994
51.3,31.6
50.1,31.1
49.1,30.5
48.2,30.15
47.4,29.8
46.8,29.45
46.2,29.1
45.6,28.75
45.0,28.5
44.5,28.1
44.3,27.8
43.9,27.55
43.7,27.35
44.6,27.6
47.7,29.5
50.6,31.9
53.5,34.0
56.0,35.6
57.7,36.75
58.6,37.349999999999994
59.1,37.349999999999994
58.5,36.45
56.1,34.55
53.3,32.9
51.5,31.6
50.2,31.0
49.1,30.5
48.2,30.1
47.5,29.75
46.8,29.5
46.2,29.05
45.6,28.700000000000003
45.1,28.4
44.6,28.05
44.2,27.700000000000003
43.9,27.45
43.8,27.45
44.7,27.6
47.7,29.35
50.7,31.8
53.4,33.9
55.9,35.4
57.4,36.6
58.4,37.2
58.9,37.25
58.2,36.3
56.0,34.55
53.1,32.7
51.4,31.5
50.1,31.0
49.1,30.4
48.1,30.05
47.3,29.7
46.5,29.25
46.0,29.0
45.5,28.6
45.0,28.2
44.6,28.0
44.2,27.8
43.9,27.7
43.7,27.5
44.6,27.6
47.7,29.2
50.6,31.6
53.3,33.7
55.8,35.349999999999994
57.4,36.3
58.3,37.0
58.8,36.95
58.2,36.2
56.0,34.25
53.0,32.4
51.2,31.4
50.0,30.9
48.9,30.4
48.0,30.05
47.2,29.75
46.6,29.200000000000003
46.0,28.75
45.4,28.3
45.0,28.05
44.7,27.8
44.2,27.6
44.0,27.45
43.8,27.25
44.4,27.45
47.5,28.9
50.5,31.4
53.3,33.45
55.7,35.0
57.3,36.1
58.4,36.8
58.7,36.95
57.9,36.1
55.8,34.1
52.8,32.150000000000006
51.1,31.25
49.8,30.6
48.8,30.05
48.0,29.75
47.1,29.45
46.5,28.95
45.9,28.4
45.4,28.1
45.0,27.9
44.5,27.6
44.1,27.25
43.9,27.05
43.6,26.9
44.4,27.05
47.4,28.75
50.4,31.15
53.3,33.1
55.5,34.8
57.2,35.8
58.1,36.55
58.4,36.7
57.7,35.8
55.6,33.9
52.7,32.0
50.9,31.0
49.7,30.4
48.5,29.95
47.8,29.6
47.0,29.2
46.3,28.85
45.8,28.25
45.3,27.8
44.9,27.7
44.3,27.4
44.1,27.2
43.7,27.0
43.5,26.7
44.3,26.95
47.1,28.65
50.3,31.1
53.2,33.05
55.4,34.75
56.9,35.75
58.0,36.349999999999994
58.2,36.6
57.6,35.650000000000006
55.5,33.7
52.5,31.9
50.8,30.85
49.6,30.3
48.5,29.9
47.6,29.5
46.8,29.1
46.1,28.7
45.7,28.15
45.3,27.75
44.8,27.6
44.3,27.35
44.0,27.1
43.5,26.95
43.3,26.7
44.2,26.8
47.1,28.5
50.3,30.9
53.0,32.849999999999994
55.3,34.7
56.9,35.650000000000006
58.0,36.25
58.1,36.4
57.6,35.6
55.3,33.6
52.5,31.8
50.8,30.8
49.4,30.1
48.4,29.65
47.6,29.25
46.7,28.95
46.0,28.4
45.5,27.95
45.1,27.55
44.6,27.4
44.1,27.2
43.7,26.85
43.3,26.6
43.0,26.35
43.9,26.5
46.8,28.1
50.0,30.7
52.8,32.55
55.1,34.45
56.5,35.5
57.7,36.1
57.8,36.3
57.3,35.4
55.1,33.349999999999994
52.4,31.5
50.6,30.6
49.3,29.95
48.3,29.4
47.5,29.05
46.7,28.700000000000003
46.0,28.1
45.4,27.6
44.9,27.35
44.5,27.2
44.1,26.95
43.6,26.55
43.3,26.3
43.0,26.05
43.7,26.25
46.7,27.95
49.8,30.45
52.5,32.4
54.5,34.150000000000006
56.0,35.25
57.3,35.8
57.6,36.05
56.9,35.25
54.9,33.0
52.1,31.3
50.4,30.3
49.1,29.6
48.0,29.200000000000003
47.2,28.8
46.4,28.35
45.9,27.75
45.3,27.45
44.8,27.2
44.1,26.9
43.8,26.55
43.4,26.2
42.9,26.0
42.8,25.8
43.5,25.9
46.6,27.7
49.7,30.3
52.4,32.2
54.3,33.9
55.7,35.0
56.9,35.650000000000006
57.3,35.849999999999994
56.6,35.2
54.5,33.1
52.1,31.1
50.1,30.1
48.8,29.4
47.7,28.95
46.9,28.6
46.3,28.0
45.5,27.5
45.1,27.25
44.5,26.95
44.0,26.55
43.6,26.2
43.1,25.9
42.7,25.6
42.5,25.35
43.3,25.4
46.3,27.4
49.4,30.0
52.1,32.0
54.0,33.650000000000006
55.6,34.75
56.5,35.5
56.9,35.650000000000006
56.3,35.0
54.1,32.95
51.8,31.0
49.8,29.8
48.5,29.1
47.3,28.55
46.5,28.1
45.9,27.7
45.2,27.25
44.9,26.85
44.3,26.65
43.7,26.3
43.2,25.85
42.9,25.6
42.5,25.25
42.3,25.0
43.1,25.1
46.0,27.15
49.1,29.7
51.8,31.8
53.7,33.349999999999994
55.4,34.349999999999994
56.2,35.150000000000006
56.7,35.3
56.1,34.650000000000006
54.2,32.8
51.4,30.7
49.4,29.45
48.0,28.85
47.1,28.3
46.1,27.8
45.6,27.4
44.9,26.95
44.4,26.6
43.8,26.25
43.3,25.95
42.9,25.65
42.5,25.35
42.2,25.05
41.9,24.700000000000003
42.6,24.85
45.6,26.7
48.7,29.45
51.4,31.3
53.3,33.05
55.0,34.2
56.1,34.8
56.4,35.05
56.2,34.3
54.1,32.55
51.0,30.5
49.1,29.3
47.7,28.4
46.8,27.85
45.9,27.5
45.1,27.1
44.8,26.65
44.2,26.35
43.5,25.85
43.0,25.65
42.5,25.299999999999997
42.1,25.05
41.7,24.8
41.5,24.6
42.3,24.65
45.2,26.5
48.2,29.25
51.2,31.05
53.1,32.7
54.9,33.849999999999994
55.9,34.55
56.4,34.75
56.2,33.95
54.0,32.3
50.9,30.5
48.9,29.1
47.5,28.3
46.5,27.7
45.7,27.3
45.1,26.8
